Date; Target(°C); Sensor(°C)
Jul 11 2025 12:00:01 PM; 28,853; 27,461
Jul 11 2025 12:00:02 PM; 28,834; 27,461
Jul 11 2025 12:00:03 PM; 28,808; 27,46
Jul 11 2025 12:00:04 PM; 28,741; 27,459
Jul 11 2025 12:00:05 PM; 28,806; 27,458
Jul 11 2025 12:00:06 PM; 28,786; 27,458
Jul 11 2025 12:00:07 PM; 28,807; 27,457
Jul 11 2025 12:00:08 PM; 28,895; 27,456
Jul 11 2025 12:00:09 PM; 28,891; 27,455
Jul 11 2025 12:00:10 PM; 28,858; 27,455
Jul 11 2025 12:00:11 PM; 28,851; 27,454
Jul 11 2025 12:00:12 PM; 28,878; 27,453
Jul 11 2025 12:00:13 PM; 28,902; 27,453
Jul 11 2025 12:00:14 PM; 28,898; 27,452
Jul 11 2025 12:00:15 PM; 28,882; 27,451
Jul 11 2025 12:00:16 PM; 28,917; 27,45
Jul 11 2025 12:00:17 PM; 28,839; 27,45
Jul 11 2025 12:00:18 PM; 28,85; 27,45
Jul 11 2025 12:00:19 PM; 28,86; 27,449
Jul 11 2025 12:00:20 PM; 28,838; 27,448
Jul 11 2025 12:00:21 PM; 28,909; 27,448
Jul 11 2025 12:00:22 PM; 28,889; 27,448
Jul 11 2025 12:00:23 PM; 28,853; 27,447
Jul 11 2025 12:00:24 PM; 28,863; 27,447
Jul 11 2025 12:00:25 PM; 28,838; 27,446
Jul 11 2025 12:00:26 PM; 28,794; 27,446
Jul 11 2025 12:00:27 PM; 28,7; 27,446
Jul 11 2025 12:00:28 PM; 28,676; 27,444
Jul 11 2025 12:00:29 PM; 28,643; 27,444
Jul 11 2025 12:00:30 PM; 28,733; 27,443
Jul 11 2025 12:00:31 PM; 28,707; 27,442
Jul 11 2025 12:00:32 PM; 28,83; 27,441
Jul 11 2025 12:00:33 PM; 28,732; 27,44
Jul 11 2025 12:00:34 PM; 28,778; 27,439
Jul 11 2025 12:00:35 PM; 28,774; 27,438
Jul 11 2025 12:00:36 PM; 28,792; 27,436
Jul 11 2025 12:00:37 PM; 28,907; 27,435
Jul 11 2025 12:00:38 PM; 28,843; 27,434
Jul 11 2025 12:00:39 PM; 28,861; 27,433
Jul 11 2025 12:00:40 PM; 28,887; 27,432
Jul 11 2025 12:00:41 PM; 28,991; 27,432
Jul 11 2025 12:00:42 PM; 28,939; 27,431
Jul 11 2025 12:00:43 PM; 28,894; 27,43
Jul 11 2025 12:00:44 PM; 28,874; 27,43
Jul 11 2025 12:00:45 PM; 28,877; 27,43
Jul 11 2025 12:00:46 PM; 28,89; 27,429
Jul 11 2025 12:00:47 PM; 28,87; 27,429
Jul 11 2025 12:00:48 PM; 28,869; 27,428
Jul 11 2025 12:00:49 PM; 28,85; 27,428
Jul 11 2025 12:00:50 PM; 28,852; 27,427
Jul 11 2025 12:00:51 PM; 28,898; 27,426
Jul 11 2025 12:00:52 PM; 28,875; 27,426
Jul 11 2025 12:00:53 PM; 28,891; 27,425
Jul 11 2025 12:00:54 PM; 28,849; 27,424
Jul 11 2025 12:00:55 PM; 28,796; 27,424
Jul 11 2025 12:00:56 PM; 28,776; 27,423
Jul 11 2025 12:00:57 PM; 28,809; 27,422
Jul 11 2025 12:00:58 PM; 28,775; 27,422
Jul 11 2025 12:00:59 PM; 28,816; 27,421
Jul 11 2025 12:01:00 PM; 28,779; 27,42
Jul 11 2025 12:01:01 PM; 28,731; 27,419
Jul 11 2025 12:01:02 PM; 28,703; 27,418
Jul 11 2025 12:01:03 PM; 28,729; 27,417
Jul 11 2025 12:01:04 PM; 28,783; 27,416
Jul 11 2025 12:01:05 PM; 29,186; 27,415
Jul 11 2025 12:01:06 PM; 28,767; 27,414
Jul 11 2025 12:01:07 PM; 28,716; 27,412
Jul 11 2025 12:01:08 PM; 28,668; 27,411
Jul 11 2025 12:01:09 PM; 28,598; 27,41
Jul 11 2025 12:01:10 PM; 28,56; 27,408
Jul 11 2025 12:01:11 PM; 28,6; 27,406
Jul 11 2025 12:01:12 PM; 28,648; 27,404
Jul 11 2025 12:01:13 PM; 28,698; 27,403
Jul 11 2025 12:01:14 PM; 28,65; 27,401
Jul 11 2025 12:01:15 PM; 28,739; 27,399
Jul 11 2025 12:01:16 PM; 28,732; 27,398
Jul 11 2025 12:01:17 PM; 28,749; 27,396
Jul 11 2025 12:01:18 PM; 28,725; 27,394
Jul 11 2025 12:01:19 PM; 28,798; 27,392
Jul 11 2025 12:01:20 PM; 28,777; 27,391
Jul 11 2025 12:01:21 PM; 28,779; 27,389
Jul 11 2025 12:01:22 PM; 28,7; 27,388
Jul 11 2025 12:01:23 PM; 28,666; 27,387
Jul 11 2025 12:01:24 PM; 28,724; 27,385
Jul 11 2025 12:01:25 PM; 28,72; 27,383
Jul 11 2025 12:01:26 PM; 28,741; 27,382
Jul 11 2025 12:01:27 PM; 28,792; 27,381
Jul 11 2025 12:01:28 PM; 28,76; 27,379
Jul 11 2025 12:01:29 PM; 28,737; 27,378
Jul 11 2025 12:01:30 PM; 28,73; 27,376
Jul 11 2025 12:01:31 PM; 28,753; 27,375
Jul 11 2025 12:01:32 PM; 28,713; 27,374
Jul 11 2025 12:01:33 PM; 28,753; 27,372
Jul 11 2025 12:01:34 PM; 28,79; 27,371
Jul 11 2025 12:01:35 PM; 28,811; 27,37
Jul 11 2025 12:01:36 PM; 28,785; 27,368
Jul 11 2025 12:01:37 PM; 28,789; 27,367
Jul 11 2025 12:01:38 PM; 28,862; 27,365
Jul 11 2025 12:01:39 PM; 28,828; 27,364
Jul 11 2025 12:01:40 PM; 28,796; 27,363
Jul 11 2025 12:01:41 PM; 28,779; 27,362
Jul 11 2025 12:01:42 PM; 28,728; 27,361
Jul 11 2025 12:01:43 PM; 28,799; 27,36
Jul 11 2025 12:01:44 PM; 28,803; 27,359
Jul 11 2025 12:01:45 PM; 28,728; 27,358
Jul 11 2025 12:01:46 PM; 28,848; 27,356
Jul 11 2025 12:01:47 PM; 28,882; 27,355
Jul 11 2025 12:01:48 PM; 28,944; 27,354
Jul 11 2025 12:01:49 PM; 29,077; 27,353
Jul 11 2025 12:01:50 PM; 28,901; 27,352
Jul 11 2025 12:01:51 PM; 28,913; 27,351
Jul 11 2025 12:01:52 PM; 28,918; 27,35
Jul 11 2025 12:01:53 PM; 29,197; 27,349
Jul 11 2025 12:01:54 PM; 28,963; 27,348
Jul 11 2025 12:01:55 PM; 28,885; 27,347
Jul 11 2025 12:01:56 PM; 28,909; 27,346
Jul 11 2025 12:01:57 PM; 29,263; 27,346
Jul 11 2025 12:01:58 PM; 29,029; 27,346
Jul 11 2025 12:01:59 PM; 28,996; 27,345
Jul 11 2025 12:02:00 PM; 29,009; 27,345
Jul 11 2025 12:02:01 PM; 29,14; 27,344
Jul 11 2025 12:02:02 PM; 29; 27,344
Jul 11 2025 12:02:03 PM; 28,969; 27,343
Jul 11 2025 12:02:04 PM; 29,156; 27,344
Jul 11 2025 12:02:05 PM; 29,002; 27,343
Jul 11 2025 12:02:06 PM; 29,271; 27,343
Jul 11 2025 12:02:07 PM; 29,416; 27,343
Jul 11 2025 12:02:08 PM; 29,407; 27,343
Jul 11 2025 12:02:09 PM; 29,492; 27,343
Jul 11 2025 12:02:10 PM; 29,317; 27,343
Jul 11 2025 12:02:11 PM; 29,287; 27,343
Jul 11 2025 12:02:12 PM; 29,034; 27,342
Jul 11 2025 12:02:13 PM; 28,927; 27,342
Jul 11 2025 12:02:14 PM; 29,006; 27,342
Jul 11 2025 12:02:15 PM; 29,034; 27,342
Jul 11 2025 12:02:16 PM; 29,05; 27,342
Jul 11 2025 12:02:17 PM; 29,121; 27,342
Jul 11 2025 12:02:18 PM; 29,003; 27,341
Jul 11 2025 12:02:19 PM; 29,146; 27,342
Jul 11 2025 12:02:20 PM; 29,086; 27,342
Jul 11 2025 12:02:21 PM; 29,055; 27,342
Jul 11 2025 12:02:22 PM; 29,036; 27,342
Jul 11 2025 12:02:23 PM; 29,053; 27,342
Jul 11 2025 12:02:24 PM; 28,963; 27,342
Jul 11 2025 12:02:25 PM; 28,993; 27,342
Jul 11 2025 12:02:26 PM; 29,021; 27,343
Jul 11 2025 12:02:27 PM; 28,977; 27,343
Jul 11 2025 12:02:28 PM; 28,996; 27,343
Jul 11 2025 12:02:29 PM; 28,98; 27,343
Jul 11 2025 12:02:30 PM; 28,947; 27,344
Jul 11 2025 12:02:31 PM; 28,926; 27,344
Jul 11 2025 12:02:32 PM; 28,868; 27,344
Jul 11 2025 12:02:33 PM; 28,885; 27,344
Jul 11 2025 12:02:34 PM; 28,882; 27,344
Jul 11 2025 12:02:35 PM; 28,896; 27,344
Jul 11 2025 12:02:36 PM; 28,882; 27,344
Jul 11 2025 12:02:37 PM; 28,879; 27,344
Jul 11 2025 12:02:38 PM; 28,907; 27,345
Jul 11 2025 12:02:39 PM; 28,915; 27,344
Jul 11 2025 12:02:40 PM; 28,885; 27,344
Jul 11 2025 12:02:41 PM; 28,841; 27,345
Jul 11 2025 12:02:42 PM; 28,965; 27,344
Jul 11 2025 12:02:43 PM; 28,885; 27,344
Jul 11 2025 12:02:44 PM; 28,909; 27,344
Jul 11 2025 12:02:45 PM; 28,929; 27,344
Jul 11 2025 12:02:46 PM; 28,923; 27,344
Jul 11 2025 12:02:47 PM; 28,857; 27,344
Jul 11 2025 12:02:48 PM; 28,937; 27,344
Jul 11 2025 12:02:49 PM; 28,898; 27,344
Jul 11 2025 12:02:50 PM; 28,962; 27,344
Jul 11 2025 12:02:51 PM; 28,959; 27,344
Jul 11 2025 12:02:52 PM; 29,031; 27,344
Jul 11 2025 12:02:53 PM; 29,009; 27,344
Jul 11 2025 12:02:54 PM; 28,984; 27,345
Jul 11 2025 12:02:55 PM; 29,308; 27,345
Jul 11 2025 12:02:56 PM; 29,404; 27,345
Jul 11 2025 12:02:57 PM; 29,375; 27,346
Jul 11 2025 12:02:58 PM; 29,377; 27,346
Jul 11 2025 12:02:59 PM; 29,188; 27,346
Jul 11 2025 12:03:00 PM; 28,749; 27,346
Jul 11 2025 12:03:01 PM; 29,076; 27,346
Jul 11 2025 12:03:02 PM; 28,886; 27,346
Jul 11 2025 12:03:03 PM; 29,081; 27,346
Jul 11 2025 12:03:04 PM; 28,991; 27,346
Jul 11 2025 12:03:05 PM; 29,093; 27,346
Jul 11 2025 12:03:06 PM; 28,966; 27,346
Jul 11 2025 12:03:07 PM; 28,843; 27,346
Jul 11 2025 12:03:08 PM; 28,813; 27,347
Jul 11 2025 12:03:09 PM; 28,604; 27,347
Jul 11 2025 12:03:10 PM; 29,072; 27,347
Jul 11 2025 12:03:11 PM; 29,007; 27,348
Jul 11 2025 12:03:12 PM; 28,865; 27,349
Jul 11 2025 12:03:13 PM; 29,172; 27,349
Jul 11 2025 12:03:14 PM; 29,255; 27,35
Jul 11 2025 12:03:15 PM; 29,349; 27,35
Jul 11 2025 12:03:16 PM; 29,396; 27,351
Jul 11 2025 12:03:17 PM; 29,342; 27,352
Jul 11 2025 12:03:18 PM; 29,357; 27,352
Jul 11 2025 12:03:19 PM; 29,368; 27,353
Jul 11 2025 12:03:20 PM; 28,699; 27,354
Jul 11 2025 12:03:21 PM; 29,222; 27,355
Jul 11 2025 12:03:22 PM; 29,198; 27,355
Jul 11 2025 12:03:23 PM; 29,718; 27,356
Jul 11 2025 12:03:24 PM; 30,021; 27,357
Jul 11 2025 12:03:25 PM; 30,34; 27,358
Jul 11 2025 12:03:26 PM; 30,24; 27,358
Jul 11 2025 12:03:27 PM; 30,292; 27,359
Jul 11 2025 12:03:28 PM; 30,016; 27,36
Jul 11 2025 12:03:29 PM; 30,115; 27,36
Jul 11 2025 12:03:30 PM; 29,898; 27,361
Jul 11 2025 12:03:31 PM; 30,122; 27,362
Jul 11 2025 12:03:32 PM; 30,061; 27,364
Jul 11 2025 12:03:33 PM; 28,9; 27,365
Jul 11 2025 12:03:34 PM; 28,297; 27,366
Jul 11 2025 12:03:35 PM; 28,555; 27,367
Jul 11 2025 12:03:36 PM; 28,677; 27,368
Jul 11 2025 12:03:37 PM; 28,747; 27,369
Jul 11 2025 12:03:38 PM; 29,257; 27,37
Jul 11 2025 12:03:39 PM; 29,878; 27,371
Jul 11 2025 12:03:40 PM; 29,84; 27,372
Jul 11 2025 12:03:41 PM; 29,877; 27,373
Jul 11 2025 12:03:42 PM; 29,536; 27,373
Jul 11 2025 12:03:43 PM; 28,603; 27,374
Jul 11 2025 12:03:44 PM; 28,589; 27,374
Jul 11 2025 12:03:45 PM; 29,518; 27,375
Jul 11 2025 12:03:46 PM; 28,574; 27,375
Jul 11 2025 12:03:47 PM; 28,295; 27,375
Jul 11 2025 12:03:48 PM; 29,669; 27,375
Jul 11 2025 12:03:49 PM; 29,873; 27,375
Jul 11 2025 12:03:50 PM; 29,906; 27,375
Jul 11 2025 12:03:51 PM; 29,696; 27,375
Jul 11 2025 12:03:52 PM; 29,849; 27,375
Jul 11 2025 12:03:53 PM; 29,857; 27,375
Jul 11 2025 12:03:54 PM; 29,884; 27,375
Jul 11 2025 12:03:55 PM; 30,12; 27,374
Jul 11 2025 12:03:56 PM; 29,783; 27,374
Jul 11 2025 12:03:57 PM; 30,085; 27,374
Jul 11 2025 12:03:58 PM; 29,848; 27,374
Jul 11 2025 12:03:59 PM; 29,892; 27,374
Jul 11 2025 12:04:00 PM; 29,897; 27,374
Jul 11 2025 12:04:01 PM; 29,932; 27,374
Jul 11 2025 12:04:02 PM; 29,971; 27,374
Jul 11 2025 12:04:03 PM; 29,976; 27,374
Jul 11 2025 12:04:04 PM; 30,205; 27,374
Jul 11 2025 12:04:05 PM; 29,984; 27,374
Jul 11 2025 12:04:06 PM; 29,878; 27,374
Jul 11 2025 12:04:07 PM; 29,834; 27,374
Jul 11 2025 12:04:08 PM; 30,017; 27,374
Jul 11 2025 12:04:09 PM; 29,846; 27,374
Jul 11 2025 12:04:10 PM; 30,188; 27,374
Jul 11 2025 12:04:11 PM; 30,186; 27,374
Jul 11 2025 12:04:12 PM; 30,197; 27,375
Jul 11 2025 12:04:13 PM; 30,246; 27,375
Jul 11 2025 12:04:14 PM; 30,357; 27,375
Jul 11 2025 12:04:15 PM; 30,232; 27,375
Jul 11 2025 12:04:16 PM; 30,4; 27,375
Jul 11 2025 12:04:17 PM; 30,211; 27,375
Jul 11 2025 12:04:18 PM; 30,021; 27,376
Jul 11 2025 12:04:19 PM; 30,095; 27,376
Jul 11 2025 12:04:20 PM; 30,049; 27,376
Jul 11 2025 12:04:21 PM; 30,066; 27,376
Jul 11 2025 12:04:22 PM; 30,042; 27,377
Jul 11 2025 12:04:23 PM; 29,931; 27,378
Jul 11 2025 12:04:24 PM; 29,893; 27,378
Jul 11 2025 12:04:25 PM; 29,858; 27,379
Jul 11 2025 12:04:26 PM; 29,959; 27,379
Jul 11 2025 12:04:27 PM; 29,952; 27,38
Jul 11 2025 12:04:28 PM; 30,021; 27,381
Jul 11 2025 12:04:29 PM; 30,019; 27,382
Jul 11 2025 12:04:30 PM; 30,191; 27,382
Jul 11 2025 12:04:31 PM; 30,145; 27,382
Jul 11 2025 12:04:32 PM; 30,528; 27,383
Jul 11 2025 12:04:33 PM; 30,599; 27,384
Jul 11 2025 12:04:34 PM; 30,616; 27,384
Jul 11 2025 12:04:35 PM; 30,535; 27,385
Jul 11 2025 12:04:36 PM; 30,403; 27,386
Jul 11 2025 12:04:37 PM; 30,32; 27,387
Jul 11 2025 12:04:38 PM; 30,37; 27,388
Jul 11 2025 12:04:39 PM; 30,265; 27,389
Jul 11 2025 12:04:40 PM; 30,369; 27,39
Jul 11 2025 12:04:41 PM; 30,486; 27,39
Jul 11 2025 12:04:42 PM; 30,354; 27,391
Jul 11 2025 12:04:43 PM; 30,634; 27,392
Jul 11 2025 12:04:44 PM; 30,305; 27,393
Jul 11 2025 12:04:45 PM; 30,36; 27,394
Jul 11 2025 12:04:46 PM; 30,48; 27,395
Jul 11 2025 12:04:47 PM; 30,322; 27,397
Jul 11 2025 12:04:48 PM; 30,323; 27,398
Jul 11 2025 12:04:49 PM; 30,352; 27,4
Jul 11 2025 12:04:50 PM; 30,437; 27,401
Jul 11 2025 12:04:51 PM; 30,481; 27,402
Jul 11 2025 12:04:52 PM; 30,585; 27,402
Jul 11 2025 12:04:53 PM; 30,442; 27,403
Jul 11 2025 12:04:54 PM; 30,289; 27,404
Jul 11 2025 12:04:55 PM; 30,338; 27,405
Jul 11 2025 12:04:56 PM; 30,372; 27,406
Jul 11 2025 12:04:57 PM; 30,438; 27,408
Jul 11 2025 12:04:58 PM; 30,559; 27,409
Jul 11 2025 12:04:59 PM; 30,297; 27,41
Jul 11 2025 12:05:00 PM; 30,377; 27,411
Jul 11 2025 12:05:01 PM; 30,364; 27,412
Jul 11 2025 12:05:02 PM; 30,355; 27,413
Jul 11 2025 12:05:03 PM; 30,394; 27,414
Jul 11 2025 12:05:04 PM; 30,333; 27,416
Jul 11 2025 12:05:05 PM; 30,388; 27,417
Jul 11 2025 12:05:06 PM; 30,368; 27,418
Jul 11 2025 12:05:07 PM; 30,331; 27,419
Jul 11 2025 12:05:08 PM; 30,273; 27,421
Jul 11 2025 12:05:09 PM; 30,271; 27,422
Jul 11 2025 12:05:10 PM; 30,313; 27,424
Jul 11 2025 12:05:11 PM; 30,396; 27,425
Jul 11 2025 12:05:12 PM; 30,042; 27,426
Jul 11 2025 12:05:13 PM; 29,615; 27,427
Jul 11 2025 12:05:14 PM; 29,665; 27,429
Jul 11 2025 12:05:15 PM; 29,436; 27,43
Jul 11 2025 12:05:16 PM; 29,438; 27,431
Jul 11 2025 12:05:17 PM; 29,636; 27,432
Jul 11 2025 12:05:18 PM; 29,67; 27,434
Jul 11 2025 12:05:19 PM; 29,652; 27,434
Jul 11 2025 12:05:20 PM; 29,716; 27,436
Jul 11 2025 12:05:21 PM; 29,688; 27,438
Jul 11 2025 12:05:22 PM; 30,158; 27,439
Jul 11 2025 12:05:23 PM; 29,59; 27,44
Jul 11 2025 12:05:24 PM; 29,575; 27,442
Jul 11 2025 12:05:25 PM; 29,71; 27,444
Jul 11 2025 12:05:26 PM; 29,682; 27,446
Jul 11 2025 12:05:27 PM; 29,566; 27,447
Jul 11 2025 12:05:28 PM; 29,522; 27,449
Jul 11 2025 12:05:29 PM; 29,742; 27,451
Jul 11 2025 12:05:30 PM; 29,61; 27,453
Jul 11 2025 12:05:31 PM; 29,557; 27,455
Jul 11 2025 12:05:32 PM; 29,558; 27,456
Jul 11 2025 12:05:33 PM; 29,511; 27,458
Jul 11 2025 12:05:34 PM; 30,282; 27,46
Jul 11 2025 12:05:35 PM; 30,606; 27,461
Jul 11 2025 12:05:36 PM; 29,697; 27,463
Jul 11 2025 12:05:37 PM; 29,606; 27,465
Jul 11 2025 12:05:38 PM; 29,588; 27,467
Jul 11 2025 12:05:39 PM; 29,907; 27,468
Jul 11 2025 12:05:40 PM; 29,886; 27,47
Jul 11 2025 12:05:41 PM; 29,823; 27,472
Jul 11 2025 12:05:42 PM; 30,029; 27,473
Jul 11 2025 12:05:43 PM; 30,057; 27,475
Jul 11 2025 12:05:44 PM; 30,152; 27,477
Jul 11 2025 12:05:45 PM; 30,262; 27,478
Jul 11 2025 12:05:46 PM; 30,513; 27,48
Jul 11 2025 12:05:47 PM; 30,14; 27,481
Jul 11 2025 12:05:48 PM; 29,842; 27,483
Jul 11 2025 12:05:49 PM; 29,472; 27,485
Jul 11 2025 12:05:50 PM; 29,545; 27,487
Jul 11 2025 12:05:51 PM; 29,539; 27,488
Jul 11 2025 12:05:52 PM; 29,524; 27,49
Jul 11 2025 12:05:53 PM; 29,693; 27,492
Jul 11 2025 12:05:54 PM; 29,738; 27,494
Jul 11 2025 12:05:55 PM; 29,762; 27,496
Jul 11 2025 12:05:56 PM; 29,963; 27,498
Jul 11 2025 12:05:57 PM; 29,784; 27,499
Jul 11 2025 12:05:58 PM; 29,844; 27,501
Jul 11 2025 12:05:59 PM; 29,69; 27,503
Jul 11 2025 12:06:00 PM; 29,404; 27,505
Jul 11 2025 12:06:01 PM; 29,37; 27,506
Jul 11 2025 12:06:02 PM; 29,378; 27,508
Jul 11 2025 12:06:03 PM; 29,477; 27,509
Jul 11 2025 12:06:04 PM; 29,465; 27,511
Jul 11 2025 12:06:05 PM; 29,442; 27,512
Jul 11 2025 12:06:06 PM; 29,402; 27,513
Jul 11 2025 12:06:07 PM; 29,581; 27,514
Jul 11 2025 12:06:08 PM; 29,478; 27,516
Jul 11 2025 12:06:09 PM; 29,408; 27,517
Jul 11 2025 12:06:10 PM; 29,691; 27,518
Jul 11 2025 12:06:11 PM; 29,32; 27,519
Jul 11 2025 12:06:12 PM; 29,294; 27,52
Jul 11 2025 12:06:13 PM; 29,366; 27,521
Jul 11 2025 12:06:14 PM; 29,575; 27,522
Jul 11 2025 12:06:15 PM; 30,015; 27,522
Jul 11 2025 12:06:16 PM; 29,97; 27,523
Jul 11 2025 12:06:17 PM; 29,799; 27,524
Jul 11 2025 12:06:18 PM; 29,62; 27,526
Jul 11 2025 12:06:19 PM; 29,64; 27,526
Jul 11 2025 12:06:20 PM; 29,517; 27,527
Jul 11 2025 12:06:21 PM; 29,709; 27,528
Jul 11 2025 12:06:22 PM; 29,71; 27,528
Jul 11 2025 12:06:23 PM; 29,937; 27,529
Jul 11 2025 12:06:24 PM; 29,504; 27,53
Jul 11 2025 12:06:25 PM; 29,477; 27,53
Jul 11 2025 12:06:26 PM; 29,322; 27,532
Jul 11 2025 12:06:27 PM; 29,311; 27,532
Jul 11 2025 12:06:28 PM; 29,227; 27,533
Jul 11 2025 12:06:29 PM; 29,293; 27,533
Jul 11 2025 12:06:30 PM; 29,327; 27,534
Jul 11 2025 12:06:31 PM; 29,486; 27,534
Jul 11 2025 12:06:32 PM; 29,415; 27,535
Jul 11 2025 12:06:33 PM; 29,289; 27,535
Jul 11 2025 12:06:34 PM; 29,048; 27,536
Jul 11 2025 12:06:35 PM; 29,39; 27,536
Jul 11 2025 12:06:36 PM; 29,308; 27,537
Jul 11 2025 12:06:37 PM; 29,182; 27,537
Jul 11 2025 12:06:38 PM; 29,61; 27,538
Jul 11 2025 12:06:39 PM; 29,397; 27,538
Jul 11 2025 12:06:40 PM; 29,428; 27,539
Jul 11 2025 12:06:41 PM; 29,663; 27,539
Jul 11 2025 12:06:42 PM; 29,738; 27,54
Jul 11 2025 12:06:43 PM; 29,623; 27,54
Jul 11 2025 12:06:44 PM; 29,689; 27,54
Jul 11 2025 12:06:45 PM; 30,091; 27,541
Jul 11 2025 12:06:46 PM; 30,251; 27,541
Jul 11 2025 12:06:47 PM; 29,985; 27,541
Jul 11 2025 12:06:48 PM; 29,671; 27,542
Jul 11 2025 12:06:49 PM; 29,448; 27,542
Jul 11 2025 12:06:50 PM; 29,678; 27,543
Jul 11 2025 12:06:51 PM; 29,626; 27,543
Jul 11 2025 12:06:52 PM; 29,648; 27,543
Jul 11 2025 12:06:53 PM; 29,671; 27,544
Jul 11 2025 12:06:54 PM; 30,214; 27,544
Jul 11 2025 12:06:55 PM; 29,975; 27,546
Jul 11 2025 12:06:56 PM; 29,968; 27,546
Jul 11 2025 12:06:57 PM; 29,554; 27,547
Jul 11 2025 12:06:58 PM; 29,369; 27,548
Jul 11 2025 12:06:59 PM; 29,422; 27,549
Jul 11 2025 12:07:00 PM; 29,431; 27,551
Jul 11 2025 12:07:01 PM; 29,897; 27,552
Jul 11 2025 12:07:02 PM; 29,672; 27,553
Jul 11 2025 12:07:03 PM; 29,678; 27,554
Jul 11 2025 12:07:04 PM; 29,455; 27,555
Jul 11 2025 12:07:05 PM; 29,362; 27,556
Jul 11 2025 12:07:06 PM; 29,339; 27,557
Jul 11 2025 12:07:07 PM; 30,023; 27,558
Jul 11 2025 12:07:08 PM; 29,932; 27,559
Jul 11 2025 12:07:09 PM; 29,407; 27,56
Jul 11 2025 12:07:10 PM; 29,354; 27,561
Jul 11 2025 12:07:11 PM; 29,283; 27,562
Jul 11 2025 12:07:12 PM; 29,199; 27,562
Jul 11 2025 12:07:13 PM; 29,15; 27,563
Jul 11 2025 12:07:14 PM; 29,198; 27,564
Jul 11 2025 12:07:15 PM; 29,152; 27,565
Jul 11 2025 12:07:16 PM; 29,186; 27,566
Jul 11 2025 12:07:17 PM; 29,274; 27,567
Jul 11 2025 12:07:18 PM; 29,212; 27,568
Jul 11 2025 12:07:19 PM; 29,199; 27,568
Jul 11 2025 12:07:20 PM; 29,194; 27,569
Jul 11 2025 12:07:21 PM; 29,168; 27,57
Jul 11 2025 12:07:22 PM; 29,147; 27,571
Jul 11 2025 12:07:23 PM; 29,222; 27,572
Jul 11 2025 12:07:24 PM; 29,22; 27,573
Jul 11 2025 12:07:25 PM; 29,232; 27,573
Jul 11 2025 12:07:26 PM; 29,186; 27,574
Jul 11 2025 12:07:27 PM; 29,134; 27,575
Jul 11 2025 12:07:28 PM; 29,116; 27,576
Jul 11 2025 12:07:29 PM; 29,106; 27,576
Jul 11 2025 12:07:30 PM; 29,09; 27,577
Jul 11 2025 12:07:31 PM; 29,381; 27,578
Jul 11 2025 12:07:32 PM; 30,529; 27,578
Jul 11 2025 12:07:33 PM; 30,492; 27,579
Jul 11 2025 12:07:34 PM; 30,558; 27,579
Jul 11 2025 12:07:35 PM; 30,631; 27,58
Jul 11 2025 12:07:36 PM; 30,74; 27,58
Jul 11 2025 12:07:37 PM; 30,787; 27,581
Jul 11 2025 12:07:38 PM; 30,798; 27,581
Jul 11 2025 12:07:39 PM; 30,745; 27,582
Jul 11 2025 12:07:40 PM; 29,915; 27,583
Jul 11 2025 12:07:41 PM; 29,173; 27,583
Jul 11 2025 12:07:42 PM; 29,116; 27,584
Jul 11 2025 12:07:43 PM; 29,106; 27,584
Jul 11 2025 12:07:44 PM; 29,153; 27,585
Jul 11 2025 12:07:45 PM; 29,107; 27,586
Jul 11 2025 12:07:46 PM; 29,102; 27,587
Jul 11 2025 12:07:47 PM; 29,108; 27,587
Jul 11 2025 12:07:48 PM; 29,158; 27,588
Jul 11 2025 12:07:49 PM; 29,084; 27,587
Jul 11 2025 12:07:50 PM; 29,158; 27,588
Jul 11 2025 12:07:51 PM; 29,2; 27,589
Jul 11 2025 12:07:52 PM; 29,182; 27,589
Jul 11 2025 12:07:53 PM; 29,174; 27,589
Jul 11 2025 12:07:54 PM; 29,124; 27,59
Jul 11 2025 12:07:55 PM; 29,078; 27,59
Jul 11 2025 12:07:56 PM; 29,01; 27,591
Jul 11 2025 12:07:57 PM; 29,056; 27,59
Jul 11 2025 12:07:58 PM; 29,137; 27,591
Jul 11 2025 12:07:59 PM; 29,153; 27,591
Jul 11 2025 12:08:00 PM; 29,176; 27,592
Jul 11 2025 12:08:01 PM; 29,104; 27,592
Jul 11 2025 12:08:02 PM; 29,099; 27,592
Jul 11 2025 12:08:03 PM; 29,05; 27,592
Jul 11 2025 12:08:04 PM; 29,086; 27,593
Jul 11 2025 12:08:05 PM; 29,092; 27,592
Jul 11 2025 12:08:06 PM; 29,139; 27,593
Jul 11 2025 12:08:07 PM; 29,131; 27,594
Jul 11 2025 12:08:08 PM; 29,01; 27,593
Jul 11 2025 12:08:09 PM; 29,013; 27,594
Jul 11 2025 12:08:10 PM; 29,068; 27,594
Jul 11 2025 12:08:11 PM; 29,035; 27,594
Jul 11 2025 12:08:12 PM; 29,154; 27,594
Jul 11 2025 12:08:13 PM; 29,145; 27,594
Jul 11 2025 12:08:14 PM; 29,521; 27,594
Jul 11 2025 12:08:15 PM; 29,751; 27,595
Jul 11 2025 12:08:16 PM; 29,885; 27,594
Jul 11 2025 12:08:17 PM; 30,158; 27,595
Jul 11 2025 12:08:18 PM; 30,117; 27,595
Jul 11 2025 12:08:19 PM; 30,052; 27,595
Jul 11 2025 12:08:20 PM; 30,156; 27,596
Jul 11 2025 12:08:21 PM; 30,162; 27,597
Jul 11 2025 12:08:22 PM; 30,144; 27,597
Jul 11 2025 12:08:23 PM; 29,975; 27,597
Jul 11 2025 12:08:24 PM; 30,061; 27,598
Jul 11 2025 12:08:25 PM; 30,591; 27,599
Jul 11 2025 12:08:26 PM; 30,833; 27,6
Jul 11 2025 12:08:27 PM; 30,859; 27,602
Jul 11 2025 12:08:28 PM; 30,773; 27,603
Jul 11 2025 12:08:29 PM; 30,736; 27,603
Jul 11 2025 12:08:30 PM; 30,666; 27,604
Jul 11 2025 12:08:31 PM; 30,567; 27,605
Jul 11 2025 12:08:32 PM; 29,978; 27,606
Jul 11 2025 12:08:33 PM; 30,022; 27,606
Jul 11 2025 12:08:34 PM; 29,515; 27,607
Jul 11 2025 12:08:35 PM; 29,3; 27,608
Jul 11 2025 12:08:36 PM; 29,27; 27,609
Jul 11 2025 12:08:37 PM; 29,208; 27,61
Jul 11 2025 12:08:38 PM; 29,226; 27,612
Jul 11 2025 12:08:39 PM; 29,254; 27,612
Jul 11 2025 12:08:40 PM; 29,238; 27,613
Jul 11 2025 12:08:41 PM; 29,19; 27,614
Jul 11 2025 12:08:42 PM; 29,262; 27,615
Jul 11 2025 12:08:43 PM; 29,206; 27,616
Jul 11 2025 12:08:44 PM; 29,256; 27,617
Jul 11 2025 12:08:45 PM; 29,271; 27,618
Jul 11 2025 12:08:46 PM; 29,217; 27,619
Jul 11 2025 12:08:47 PM; 29,22; 27,62
Jul 11 2025 12:08:48 PM; 29,235; 27,621
Jul 11 2025 12:08:49 PM; 29,294; 27,622
Jul 11 2025 12:08:50 PM; 29,267; 27,623
Jul 11 2025 12:08:51 PM; 29,263; 27,624
Jul 11 2025 12:08:52 PM; 29,236; 27,625
Jul 11 2025 12:08:53 PM; 29,18; 27,626
Jul 11 2025 12:08:54 PM; 29,158; 27,626
Jul 11 2025 12:08:55 PM; 29,151; 27,628
Jul 11 2025 12:08:56 PM; 29,138; 27,628
Jul 11 2025 12:08:57 PM; 29,213; 27,629
Jul 11 2025 12:08:58 PM; 29,112; 27,629
Jul 11 2025 12:08:59 PM; 29,176; 27,63
Jul 11 2025 12:09:00 PM; 29,283; 27,631
Jul 11 2025 12:09:01 PM; 29,27; 27,632
Jul 11 2025 12:09:02 PM; 29,269; 27,632
Jul 11 2025 12:09:03 PM; 29,209; 27,633
Jul 11 2025 12:09:04 PM; 29,286; 27,634
Jul 11 2025 12:09:05 PM; 29,279; 27,634
Jul 11 2025 12:09:06 PM; 29,238; 27,635
Jul 11 2025 12:09:07 PM; 29,299; 27,636
Jul 11 2025 12:09:08 PM; 29,35; 27,636
Jul 11 2025 12:09:09 PM; 29,364; 27,637
Jul 11 2025 12:09:10 PM; 29,249; 27,638
Jul 11 2025 12:09:11 PM; 29,461; 27,638
Jul 11 2025 12:09:12 PM; 29,231; 27,639
Jul 11 2025 12:09:13 PM; 29,202; 27,64
Jul 11 2025 12:09:14 PM; 29,211; 27,64
Jul 11 2025 12:09:15 PM; 29,164; 27,641
Jul 11 2025 12:09:16 PM; 29,88; 27,641
Jul 11 2025 12:09:17 PM; 29,916; 27,642
Jul 11 2025 12:09:18 PM; 29,67; 27,642
Jul 11 2025 12:09:19 PM; 29,202; 27,643
Jul 11 2025 12:09:20 PM; 29,131; 27,643
Jul 11 2025 12:09:21 PM; 29,28; 27,643
Jul 11 2025 12:09:22 PM; 29,516; 27,644
Jul 11 2025 12:09:23 PM; 29,316; 27,644
Jul 11 2025 12:09:24 PM; 29,691; 27,644
Jul 11 2025 12:09:25 PM; 29,403; 27,644
Jul 11 2025 12:09:26 PM; 29,269; 27,644
Jul 11 2025 12:09:27 PM; 29,524; 27,644
Jul 11 2025 12:09:28 PM; 29,497; 27,644
Jul 11 2025 12:09:29 PM; 29,547; 27,644
Jul 11 2025 12:09:30 PM; 29,256; 27,644
Jul 11 2025 12:09:31 PM; 29,102; 27,645
Jul 11 2025 12:09:32 PM; 29,188; 27,645
Jul 11 2025 12:09:33 PM; 29,187; 27,644
Jul 11 2025 12:09:34 PM; 29,245; 27,644
Jul 11 2025 12:09:35 PM; 29,157; 27,644
Jul 11 2025 12:09:36 PM; 29,127; 27,644
Jul 11 2025 12:09:37 PM; 29,847; 27,644
Jul 11 2025 12:09:38 PM; 29,844; 27,643
Jul 11 2025 12:09:39 PM; 29,982; 27,642
Jul 11 2025 12:09:40 PM; 30,08; 27,642
Jul 11 2025 12:09:41 PM; 30,016; 27,641
Jul 11 2025 12:09:42 PM; 30,002; 27,641
Jul 11 2025 12:09:43 PM; 30,073; 27,64
Jul 11 2025 12:09:44 PM; 30,091; 27,64
Jul 11 2025 12:09:45 PM; 30,756; 27,64
Jul 11 2025 12:09:46 PM; 30,131; 27,639
Jul 11 2025 12:09:47 PM; 30,175; 27,64
Jul 11 2025 12:09:48 PM; 30,137; 27,64
Jul 11 2025 12:09:49 PM; 29,386; 27,64
Jul 11 2025 12:09:50 PM; 29,351; 27,64
Jul 11 2025 12:09:51 PM; 30,196; 27,641
Jul 11 2025 12:09:52 PM; 30,226; 27,641
Jul 11 2025 12:09:53 PM; 30,128; 27,642
Jul 11 2025 12:09:54 PM; 29,82; 27,642
Jul 11 2025 12:09:55 PM; 29,46; 27,643
Jul 11 2025 12:09:56 PM; 29,488; 27,643
Jul 11 2025 12:09:57 PM; 29,637; 27,644
Jul 11 2025 12:09:58 PM; 29,484; 27,645
Jul 11 2025 12:09:59 PM; 29,479; 27,646
Jul 11 2025 12:10:00 PM; 29,661; 27,646
Jul 11 2025 12:10:01 PM; 29,236; 27,647
Jul 11 2025 12:10:02 PM; 29,645; 27,647
Jul 11 2025 12:10:03 PM; 30,14; 27,648
Jul 11 2025 12:10:04 PM; 30,151; 27,648
Jul 11 2025 12:10:05 PM; 29,746; 27,649
Jul 11 2025 12:10:06 PM; 30,079; 27,649
Jul 11 2025 12:10:07 PM; 29,689; 27,65
Jul 11 2025 12:10:08 PM; 29,596; 27,65
Jul 11 2025 12:10:09 PM; 29,632; 27,651
Jul 11 2025 12:10:10 PM; 29,794; 27,651
Jul 11 2025 12:10:11 PM; 30,852; 27,652
Jul 11 2025 12:10:12 PM; 30,692; 27,652
Jul 11 2025 12:10:13 PM; 30,598; 27,653
Jul 11 2025 12:10:14 PM; 30,58; 27,653
Jul 11 2025 12:10:15 PM; 30,949; 27,654
Jul 11 2025 12:10:16 PM; 30,822; 27,655
Jul 11 2025 12:10:17 PM; 30,712; 27,656
Jul 11 2025 12:10:18 PM; 31,003; 27,657
Jul 11 2025 12:10:19 PM; 30,958; 27,658
Jul 11 2025 12:10:20 PM; 30,918; 27,658
Jul 11 2025 12:10:21 PM; 30,746; 27,659
Jul 11 2025 12:10:22 PM; 29,888; 27,661
Jul 11 2025 12:10:23 PM; 29,457; 27,662
Jul 11 2025 12:10:24 PM; 29,406; 27,663
Jul 11 2025 12:10:25 PM; 29,333; 27,664
Jul 11 2025 12:10:26 PM; 29,235; 27,665
Jul 11 2025 12:10:27 PM; 29,25; 27,666
Jul 11 2025 12:10:28 PM; 29,218; 27,667
Jul 11 2025 12:10:29 PM; 29,216; 27,667
Jul 11 2025 12:10:30 PM; 29,23; 27,668
Jul 11 2025 12:10:31 PM; 29,209; 27,668
Jul 11 2025 12:10:32 PM; 29,272; 27,669
Jul 11 2025 12:10:33 PM; 29,29; 27,67
Jul 11 2025 12:10:34 PM; 29,321; 27,671
Jul 11 2025 12:10:35 PM; 29,344; 27,672
Jul 11 2025 12:10:36 PM; 29,259; 27,672
Jul 11 2025 12:10:37 PM; 29,312; 27,673
Jul 11 2025 12:10:38 PM; 29,275; 27,674
Jul 11 2025 12:10:39 PM; 29,385; 27,675
Jul 11 2025 12:10:40 PM; 29,326; 27,676
Jul 11 2025 12:10:41 PM; 29,362; 27,677
Jul 11 2025 12:10:42 PM; 29,331; 27,678
Jul 11 2025 12:10:43 PM; 29,29; 27,679
Jul 11 2025 12:10:44 PM; 29,308; 27,68
Jul 11 2025 12:10:45 PM; 29,262; 27,681
Jul 11 2025 12:10:46 PM; 29,326; 27,682
Jul 11 2025 12:10:47 PM; 29,299; 27,682
Jul 11 2025 12:10:48 PM; 29,264; 27,683
Jul 11 2025 12:10:49 PM; 29,301; 27,684
Jul 11 2025 12:10:50 PM; 29,316; 27,685
Jul 11 2025 12:10:51 PM; 29,377; 27,686
Jul 11 2025 12:10:52 PM; 29,276; 27,687
Jul 11 2025 12:10:53 PM; 29,249; 27,687
Jul 11 2025 12:10:54 PM; 29,275; 27,688
Jul 11 2025 12:10:55 PM; 29,278; 27,689
Jul 11 2025 12:10:56 PM; 29,326; 27,69
Jul 11 2025 12:10:57 PM; 29,272; 27,69
Jul 11 2025 12:10:58 PM; 29,297; 27,691
Jul 11 2025 12:10:59 PM; 29,314; 27,692
Jul 11 2025 12:11:00 PM; 29,323; 27,692
Jul 11 2025 12:11:01 PM; 29,382; 27,694
Jul 11 2025 12:11:02 PM; 29,364; 27,694
Jul 11 2025 12:11:03 PM; 29,375; 27,695
Jul 11 2025 12:11:04 PM; 29,33; 27,696
Jul 11 2025 12:11:05 PM; 29,377; 27,697
Jul 11 2025 12:11:06 PM; 29,405; 27,698
Jul 11 2025 12:11:07 PM; 29,472; 27,699
Jul 11 2025 12:11:08 PM; 29,41; 27,7
Jul 11 2025 12:11:09 PM; 29,438; 27,701
Jul 11 2025 12:11:10 PM; 29,455; 27,701
Jul 11 2025 12:11:11 PM; 29,404; 27,702
Jul 11 2025 12:11:12 PM; 29,344; 27,702
Jul 11 2025 12:11:13 PM; 29,265; 27,703
Jul 11 2025 12:11:14 PM; 29,331; 27,703
Jul 11 2025 12:11:15 PM; 29,257; 27,704
Jul 11 2025 12:11:16 PM; 29,123; 27,704
Jul 11 2025 12:11:17 PM; 29,106; 27,703
Jul 11 2025 12:11:18 PM; 29,111; 27,703
Jul 11 2025 12:11:19 PM; 29,176; 27,702
Jul 11 2025 12:11:20 PM; 29,247; 27,701
Jul 11 2025 12:11:21 PM; 29,345; 27,701
Jul 11 2025 12:11:22 PM; 29,35; 27,7
Jul 11 2025 12:11:23 PM; 29,303; 27,699
Jul 11 2025 12:11:24 PM; 29,346; 27,699
Jul 11 2025 12:11:25 PM; 29,342; 27,698
Jul 11 2025 12:11:26 PM; 29,279; 27,698
Jul 11 2025 12:11:27 PM; 29,27; 27,697
Jul 11 2025 12:11:28 PM; 29,231; 27,696
Jul 11 2025 12:11:29 PM; 29,224; 27,695
Jul 11 2025 12:11:30 PM; 29,188; 27,695
Jul 11 2025 12:11:31 PM; 29,243; 27,694
Jul 11 2025 12:11:32 PM; 29,264; 27,693
Jul 11 2025 12:11:33 PM; 29,296; 27,693
Jul 11 2025 12:11:34 PM; 29,293; 27,692
Jul 11 2025 12:11:35 PM; 29,27; 27,692
Jul 11 2025 12:11:36 PM; 29,231; 27,691
Jul 11 2025 12:11:37 PM; 29,195; 27,691
Jul 11 2025 12:11:38 PM; 29,294; 27,69
Jul 11 2025 12:11:39 PM; 29,346; 27,69
Jul 11 2025 12:11:40 PM; 29,372; 27,69
Jul 11 2025 12:11:41 PM; 29,348; 27,689
Jul 11 2025 12:11:42 PM; 29,355; 27,689
Jul 11 2025 12:11:43 PM; 29,319; 27,688
Jul 11 2025 12:11:44 PM; 29,377; 27,688
Jul 11 2025 12:11:45 PM; 29,486; 27,688
Jul 11 2025 12:11:46 PM; 29,513; 27,688
Jul 11 2025 12:11:47 PM; 29,562; 27,688
Jul 11 2025 12:11:48 PM; 29,464; 27,687
Jul 11 2025 12:11:49 PM; 29,458; 27,688
Jul 11 2025 12:11:50 PM; 29,392; 27,687
Jul 11 2025 12:11:51 PM; 29,494; 27,687
Jul 11 2025 12:11:52 PM; 29,477; 27,687
Jul 11 2025 12:11:53 PM; 29,564; 27,687
Jul 11 2025 12:11:54 PM; 29,55; 27,687
Jul 11 2025 12:11:55 PM; 29,531; 27,687
Jul 11 2025 12:11:56 PM; 29,586; 27,687
Jul 11 2025 12:11:57 PM; 29,603; 27,687
Jul 11 2025 12:11:58 PM; 29,644; 27,687
Jul 11 2025 12:11:59 PM; 29,647; 27,687
Jul 11 2025 12:12:00 PM; 29,644; 27,687
Jul 11 2025 12:12:01 PM; 29,584; 27,688
Jul 11 2025 12:12:02 PM; 29,544; 27,688
Jul 11 2025 12:12:03 PM; 29,574; 27,688
Jul 11 2025 12:12:04 PM; 29,621; 27,689
Jul 11 2025 12:12:05 PM; 29,613; 27,689
Jul 11 2025 12:12:06 PM; 29,66; 27,69
Jul 11 2025 12:12:07 PM; 29,664; 27,69
Jul 11 2025 12:12:08 PM; 29,599; 27,691
Jul 11 2025 12:12:09 PM; 29,605; 27,692
Jul 11 2025 12:12:10 PM; 29,579; 27,693
Jul 11 2025 12:12:11 PM; 29,569; 27,694
Jul 11 2025 12:12:12 PM; 29,586; 27,695
Jul 11 2025 12:12:13 PM; 29,612; 27,696
Jul 11 2025 12:12:14 PM; 29,594; 27,697
Jul 11 2025 12:12:15 PM; 29,593; 27,699
Jul 11 2025 12:12:16 PM; 29,566; 27,7
Jul 11 2025 12:12:17 PM; 29,564; 27,701
Jul 11 2025 12:12:18 PM; 29,484; 27,702
Jul 11 2025 12:12:19 PM; 29,512; 27,703
Jul 11 2025 12:12:20 PM; 29,513; 27,704
Jul 11 2025 12:12:21 PM; 29,522; 27,705
Jul 11 2025 12:12:22 PM; 29,464; 27,707
Jul 11 2025 12:12:23 PM; 29,508; 27,707
Jul 11 2025 12:12:24 PM; 29,539; 27,708
Jul 11 2025 12:12:25 PM; 29,531; 27,709
Jul 11 2025 12:12:26 PM; 29,579; 27,71
Jul 11 2025 12:12:27 PM; 29,569; 27,711
Jul 11 2025 12:12:28 PM; 29,578; 27,711
Jul 11 2025 12:12:29 PM; 29,65; 27,712
Jul 11 2025 12:12:30 PM; 29,618; 27,713
Jul 11 2025 12:12:31 PM; 29,627; 27,714
Jul 11 2025 12:12:32 PM; 29,593; 27,716
Jul 11 2025 12:12:33 PM; 29,63; 27,716
Jul 11 2025 12:12:34 PM; 29,614; 27,718
Jul 11 2025 12:12:35 PM; 29,657; 27,719
Jul 11 2025 12:12:36 PM; 29,661; 27,721
Jul 11 2025 12:12:37 PM; 29,664; 27,721
Jul 11 2025 12:12:38 PM; 29,68; 27,723
Jul 11 2025 12:12:39 PM; 29,694; 27,724
Jul 11 2025 12:12:40 PM; 29,69; 27,725
Jul 11 2025 12:12:41 PM; 29,672; 27,727
Jul 11 2025 12:12:42 PM; 29,646; 27,728
Jul 11 2025 12:12:43 PM; 29,607; 27,73
Jul 11 2025 12:12:44 PM; 29,635; 27,73
Jul 11 2025 12:12:45 PM; 29,623; 27,732
Jul 11 2025 12:12:46 PM; 29,613; 27,733
Jul 11 2025 12:12:47 PM; 29,648; 27,735
Jul 11 2025 12:12:48 PM; 29,636; 27,736
Jul 11 2025 12:12:49 PM; 29,684; 27,738
Jul 11 2025 12:12:50 PM; 29,614; 27,739
Jul 11 2025 12:12:51 PM; 29,613; 27,741
Jul 11 2025 12:12:52 PM; 29,628; 27,742
Jul 11 2025 12:12:53 PM; 29,633; 27,744
Jul 11 2025 12:12:54 PM; 29,64; 27,746
Jul 11 2025 12:12:55 PM; 29,679; 27,747
Jul 11 2025 12:12:56 PM; 29,643; 27,749
Jul 11 2025 12:12:57 PM; 29,565; 27,75
Jul 11 2025 12:12:58 PM; 29,591; 27,752
Jul 11 2025 12:12:59 PM; 29,584; 27,753
Jul 11 2025 12:13:00 PM; 29,594; 27,755
Jul 11 2025 12:13:01 PM; 29,584; 27,756
Jul 11 2025 12:13:02 PM; 29,544; 27,757
Jul 11 2025 12:13:03 PM; 29,609; 27,759
Jul 11 2025 12:13:04 PM; 29,602; 27,76
Jul 11 2025 12:13:05 PM; 29,592; 27,762
Jul 11 2025 12:13:06 PM; 29,637; 27,763
Jul 11 2025 12:13:07 PM; 29,63; 27,764
Jul 11 2025 12:13:08 PM; 29,623; 27,765
Jul 11 2025 12:13:09 PM; 29,641; 27,766
Jul 11 2025 12:13:10 PM; 29,669; 27,767
Jul 11 2025 12:13:11 PM; 29,654; 27,769
Jul 11 2025 12:13:12 PM; 29,623; 27,77
Jul 11 2025 12:13:13 PM; 29,599; 27,771
Jul 11 2025 12:13:14 PM; 29,6; 27,772
Jul 11 2025 12:13:15 PM; 29,665; 27,774
Jul 11 2025 12:13:16 PM; 29,578; 27,775
Jul 11 2025 12:13:17 PM; 29,612; 27,776
Jul 11 2025 12:13:18 PM; 29,605; 27,777
Jul 11 2025 12:13:19 PM; 29,664; 27,778
Jul 11 2025 12:13:20 PM; 29,61; 27,779
Jul 11 2025 12:13:21 PM; 29,641; 27,78
Jul 11 2025 12:13:22 PM; 29,59; 27,781
Jul 11 2025 12:13:23 PM; 29,586; 27,783
Jul 11 2025 12:13:24 PM; 29,567; 27,783
Jul 11 2025 12:13:25 PM; 29,588; 27,784
Jul 11 2025 12:13:26 PM; 29,577; 27,785
Jul 11 2025 12:13:27 PM; 29,545; 27,786
Jul 11 2025 12:13:28 PM; 29,573; 27,787
Jul 11 2025 12:13:29 PM; 29,533; 27,787
Jul 11 2025 12:13:30 PM; 29,586; 27,788
Jul 11 2025 12:13:31 PM; 29,641; 27,788
Jul 11 2025 12:13:32 PM; 29,68; 27,789
Jul 11 2025 12:13:33 PM; 29,714; 27,79
Jul 11 2025 12:13:34 PM; 29,706; 27,791
Jul 11 2025 12:13:35 PM; 29,65; 27,792
Jul 11 2025 12:13:36 PM; 29,692; 27,792
Jul 11 2025 12:13:37 PM; 29,684; 27,793
Jul 11 2025 12:13:38 PM; 29,712; 27,794
Jul 11 2025 12:13:39 PM; 29,686; 27,795
Jul 11 2025 12:13:40 PM; 29,717; 27,796
Jul 11 2025 12:13:41 PM; 29,701; 27,796
Jul 11 2025 12:13:42 PM; 29,713; 27,798
Jul 11 2025 12:13:43 PM; 29,768; 27,798
Jul 11 2025 12:13:44 PM; 29,811; 27,8
Jul 11 2025 12:13:45 PM; 29,82; 27,8
Jul 11 2025 12:13:46 PM; 29,823; 27,801
Jul 11 2025 12:13:47 PM; 29,849; 27,802
Jul 11 2025 12:13:48 PM; 29,85; 27,804
Jul 11 2025 12:13:49 PM; 29,857; 27,805
Jul 11 2025 12:13:50 PM; 29,927; 27,806
Jul 11 2025 12:13:51 PM; 29,86; 27,807
Jul 11 2025 12:13:52 PM; 29,784; 27,808
Jul 11 2025 12:13:53 PM; 29,786; 27,81
Jul 11 2025 12:13:54 PM; 29,726; 27,811
Jul 11 2025 12:13:55 PM; 29,785; 27,812
Jul 11 2025 12:13:56 PM; 29,814; 27,813
Jul 11 2025 12:13:57 PM; 29,758; 27,815
Jul 11 2025 12:13:58 PM; 29,808; 27,816
Jul 11 2025 12:13:59 PM; 29,837; 27,817
Jul 11 2025 12:14:00 PM; 29,857; 27,819
Jul 11 2025 12:14:01 PM; 29,85; 27,82
Jul 11 2025 12:14:02 PM; 29,871; 27,821
Jul 11 2025 12:14:03 PM; 29,85; 27,822
Jul 11 2025 12:14:04 PM; 29,884; 27,824
Jul 11 2025 12:14:05 PM; 29,82; 27,825
Jul 11 2025 12:14:06 PM; 29,831; 27,826
Jul 11 2025 12:14:07 PM; 29,869; 27,827
Jul 11 2025 12:14:08 PM; 29,851; 27,828
Jul 11 2025 12:14:09 PM; 29,841; 27,83
Jul 11 2025 12:14:10 PM; 29,82; 27,831
Jul 11 2025 12:14:11 PM; 29,847; 27,833
Jul 11 2025 12:14:12 PM; 29,796; 27,834
Jul 11 2025 12:14:13 PM; 29,843; 27,835
Jul 11 2025 12:14:14 PM; 29,818; 27,836
Jul 11 2025 12:14:15 PM; 29,879; 27,838
Jul 11 2025 12:14:16 PM; 29,787; 27,839
Jul 11 2025 12:14:17 PM; 29,887; 27,84
Jul 11 2025 12:14:18 PM; 29,839; 27,841
Jul 11 2025 12:14:19 PM; 29,862; 27,842
Jul 11 2025 12:14:20 PM; 29,809; 27,844
Jul 11 2025 12:14:21 PM; 29,793; 27,845
Jul 11 2025 12:14:22 PM; 29,781; 27,847
Jul 11 2025 12:14:23 PM; 29,774; 27,848
Jul 11 2025 12:14:24 PM; 29,762; 27,849
Jul 11 2025 12:14:25 PM; 29,738; 27,85
Jul 11 2025 12:14:26 PM; 29,747; 27,851
Jul 11 2025 12:14:27 PM; 29,82; 27,853
Jul 11 2025 12:14:28 PM; 29,807; 27,854
Jul 11 2025 12:14:29 PM; 29,882; 27,854
Jul 11 2025 12:14:30 PM; 29,894; 27,856
Jul 11 2025 12:14:31 PM; 29,857; 27,857
Jul 11 2025 12:14:32 PM; 29,787; 27,858
Jul 11 2025 12:14:33 PM; 29,86; 27,859
Jul 11 2025 12:14:34 PM; 29,836; 27,86
Jul 11 2025 12:14:35 PM; 29,856; 27,862
Jul 11 2025 12:14:36 PM; 29,83; 27,863
Jul 11 2025 12:14:37 PM; 29,894; 27,864
Jul 11 2025 12:14:38 PM; 29,811; 27,865
Jul 11 2025 12:14:39 PM; 29,79; 27,867
Jul 11 2025 12:14:40 PM; 29,729; 27,868
Jul 11 2025 12:14:41 PM; 29,763; 27,869
Jul 11 2025 12:14:42 PM; 29,762; 27,871
Jul 11 2025 12:14:43 PM; 29,73; 27,872
Jul 11 2025 12:14:44 PM; 29,758; 27,873
Jul 11 2025 12:14:45 PM; 29,781; 27,874
Jul 11 2025 12:14:46 PM; 29,801; 27,875
Jul 11 2025 12:14:47 PM; 29,802; 27,876
Jul 11 2025 12:14:48 PM; 29,746; 27,877
Jul 11 2025 12:14:49 PM; 29,661; 27,877
Jul 11 2025 12:14:50 PM; 29,726; 27,879
Jul 11 2025 12:14:51 PM; 29,677; 27,879
Jul 11 2025 12:14:52 PM; 29,689; 27,881
Jul 11 2025 12:14:53 PM; 29,72; 27,881
Jul 11 2025 12:14:54 PM; 29,764; 27,882
Jul 11 2025 12:14:55 PM; 29,722; 27,883
Jul 11 2025 12:14:56 PM; 29,785; 27,883
Jul 11 2025 12:14:57 PM; 29,775; 27,884
Jul 11 2025 12:14:58 PM; 29,803; 27,885
Jul 11 2025 12:14:59 PM; 29,829; 27,886
Jul 11 2025 12:15:00 PM; 29,808; 27,887
Jul 11 2025 12:15:01 PM; 29,831; 27,888
Jul 11 2025 12:15:02 PM; 29,804; 27,889
Jul 11 2025 12:15:03 PM; 29,814; 27,89
Jul 11 2025 12:15:04 PM; 29,814; 27,891
Jul 11 2025 12:15:05 PM; 29,819; 27,892
Jul 11 2025 12:15:06 PM; 29,779; 27,894
Jul 11 2025 12:15:07 PM; 29,799; 27,895
Jul 11 2025 12:15:08 PM; 29,773; 27,896
Jul 11 2025 12:15:09 PM; 29,771; 27,897
Jul 11 2025 12:15:10 PM; 29,756; 27,898
Jul 11 2025 12:15:11 PM; 29,776; 27,899
Jul 11 2025 12:15:12 PM; 30,187; 27,9
Jul 11 2025 12:15:13 PM; 30,092; 27,901
Jul 11 2025 12:15:14 PM; 29,905; 27,902
Jul 11 2025 12:15:15 PM; 29,86; 27,903
Jul 11 2025 12:15:16 PM; 29,817; 27,904
Jul 11 2025 12:15:17 PM; 29,87; 27,905
Jul 11 2025 12:15:18 PM; 29,865; 27,906
Jul 11 2025 12:15:19 PM; 29,918; 27,907
Jul 11 2025 12:15:20 PM; 29,941; 27,908
Jul 11 2025 12:15:21 PM; 29,92; 27,909
Jul 11 2025 12:15:22 PM; 29,916; 27,91
Jul 11 2025 12:15:23 PM; 29,923; 27,912
Jul 11 2025 12:15:24 PM; 29,864; 27,913
Jul 11 2025 12:15:25 PM; 29,873; 27,914
Jul 11 2025 12:15:26 PM; 29,866; 27,916
Jul 11 2025 12:15:27 PM; 29,867; 27,916
Jul 11 2025 12:15:28 PM; 29,88; 27,918
Jul 11 2025 12:15:29 PM; 29,84; 27,919
Jul 11 2025 12:15:30 PM; 29,901; 27,92
Jul 11 2025 12:15:31 PM; 29,815; 27,922
Jul 11 2025 12:15:32 PM; 29,833; 27,923
Jul 11 2025 12:15:33 PM; 29,856; 27,924
Jul 11 2025 12:15:34 PM; 29,8; 27,925
Jul 11 2025 12:15:35 PM; 29,839; 27,927
Jul 11 2025 12:15:36 PM; 29,785; 27,928
Jul 11 2025 12:15:37 PM; 29,781; 27,929
Jul 11 2025 12:15:38 PM; 29,727; 27,93
Jul 11 2025 12:15:39 PM; 29,772; 27,931
Jul 11 2025 12:15:40 PM; 29,782; 27,932
Jul 11 2025 12:15:41 PM; 29,75; 27,933
Jul 11 2025 12:15:42 PM; 29,759; 27,934
Jul 11 2025 12:15:43 PM; 29,733; 27,935
Jul 11 2025 12:15:44 PM; 29,863; 27,936
Jul 11 2025 12:15:45 PM; 29,902; 27,937
Jul 11 2025 12:15:46 PM; 29,941; 27,938
Jul 11 2025 12:15:47 PM; 29,939; 27,939
Jul 11 2025 12:15:48 PM; 29,938; 27,94
Jul 11 2025 12:15:49 PM; 29,936; 27,941
Jul 11 2025 12:15:50 PM; 29,931; 27,942
Jul 11 2025 12:15:51 PM; 29,899; 27,943
Jul 11 2025 12:15:52 PM; 29,892; 27,944
Jul 11 2025 12:15:53 PM; 29,891; 27,945
Jul 11 2025 12:15:54 PM; 29,861; 27,946
Jul 11 2025 12:15:55 PM; 29,826; 27,947
Jul 11 2025 12:15:56 PM; 29,893; 27,948
Jul 11 2025 12:15:57 PM; 29,869; 27,948
Jul 11 2025 12:15:58 PM; 29,897; 27,949
Jul 11 2025 12:15:59 PM; 29,879; 27,95
Jul 11 2025 12:16:00 PM; 29,885; 27,95
Jul 11 2025 12:16:01 PM; 29,883; 27,951
Jul 11 2025 12:16:02 PM; 29,87; 27,952
Jul 11 2025 12:16:03 PM; 29,849; 27,953
Jul 11 2025 12:16:04 PM; 29,905; 27,954
Jul 11 2025 12:16:05 PM; 29,941; 27,955
Jul 11 2025 12:16:06 PM; 29,92; 27,956
Jul 11 2025 12:16:07 PM; 29,866; 27,956
Jul 11 2025 12:16:08 PM; 29,947; 27,958
Jul 11 2025 12:16:09 PM; 29,98; 27,958
Jul 11 2025 12:16:10 PM; 29,899; 27,959
Jul 11 2025 12:16:11 PM; 29,952; 27,96
Jul 11 2025 12:16:12 PM; 29,972; 27,961
Jul 11 2025 12:16:13 PM; 29,982; 27,962
Jul 11 2025 12:16:14 PM; 29,986; 27,964
Jul 11 2025 12:16:15 PM; 29,978; 27,965
Jul 11 2025 12:16:16 PM; 29,988; 27,966
Jul 11 2025 12:16:17 PM; 29,95; 27,967
Jul 11 2025 12:16:18 PM; 30; 27,968
Jul 11 2025 12:16:19 PM; 29,999; 27,969
Jul 11 2025 12:16:20 PM; 30,012; 27,97
Jul 11 2025 12:16:21 PM; 29,999; 27,972
Jul 11 2025 12:16:22 PM; 29,951; 27,973
Jul 11 2025 12:16:23 PM; 30,029; 27,974
Jul 11 2025 12:16:24 PM; 29,961; 27,975
Jul 11 2025 12:16:25 PM; 29,993; 27,976
Jul 11 2025 12:16:26 PM; 29,975; 27,978
Jul 11 2025 12:16:27 PM; 29,937; 27,978
Jul 11 2025 12:16:28 PM; 29,939; 27,98
Jul 11 2025 12:16:29 PM; 29,962; 27,981
Jul 11 2025 12:16:30 PM; 29,984; 27,982
Jul 11 2025 12:16:31 PM; 30,021; 27,983
Jul 11 2025 12:16:32 PM; 30,008; 27,984
Jul 11 2025 12:16:33 PM; 30,034; 27,985
Jul 11 2025 12:16:34 PM; 30,054; 27,986
Jul 11 2025 12:16:35 PM; 30,143; 27,988
Jul 11 2025 12:16:36 PM; 30,098; 27,989
Jul 11 2025 12:16:37 PM; 30,02; 27,99
Jul 11 2025 12:16:38 PM; 30,049; 27,991
Jul 11 2025 12:16:39 PM; 30,056; 27,993
Jul 11 2025 12:16:40 PM; 30,065; 27,994
Jul 11 2025 12:16:41 PM; 30,055; 27,995
Jul 11 2025 12:16:42 PM; 30,087; 27,997
Jul 11 2025 12:16:43 PM; 30,072; 27,998
Jul 11 2025 12:16:44 PM; 30,133; 28
Jul 11 2025 12:16:45 PM; 30,102; 28,002
Jul 11 2025 12:16:46 PM; 30,126; 28,003
Jul 11 2025 12:16:47 PM; 30,112; 28,005
Jul 11 2025 12:16:48 PM; 30,066; 28,006
Jul 11 2025 12:16:49 PM; 30,054; 28,008
Jul 11 2025 12:16:50 PM; 30,02; 28,01
Jul 11 2025 12:16:51 PM; 30,019; 28,011
Jul 11 2025 12:16:52 PM; 30,018; 28,012
Jul 11 2025 12:16:53 PM; 29,995; 28,014
Jul 11 2025 12:16:54 PM; 30,078; 28,016
Jul 11 2025 12:16:55 PM; 30,036; 28,017
Jul 11 2025 12:16:56 PM; 30,049; 28,019
Jul 11 2025 12:16:57 PM; 30,017; 28,02
Jul 11 2025 12:16:58 PM; 30,018; 28,021
Jul 11 2025 12:16:59 PM; 30,006; 28,023
Jul 11 2025 12:17:00 PM; 30,076; 28,024
Jul 11 2025 12:17:01 PM; 30,001; 28,025
Jul 11 2025 12:17:02 PM; 30,038; 28,027
Jul 11 2025 12:17:03 PM; 29,968; 28,028
Jul 11 2025 12:17:04 PM; 30,03; 28,03
Jul 11 2025 12:17:05 PM; 30,091; 28,031
Jul 11 2025 12:17:06 PM; 30,089; 28,032
Jul 11 2025 12:17:07 PM; 30,085; 28,033
Jul 11 2025 12:17:08 PM; 30,027; 28,035
Jul 11 2025 12:17:09 PM; 30,069; 28,037
Jul 11 2025 12:17:10 PM; 30,1; 28,038
Jul 11 2025 12:17:11 PM; 30,061; 28,039
Jul 11 2025 12:17:12 PM; 29,991; 28,04
Jul 11 2025 12:17:13 PM; 29,902; 28,042
Jul 11 2025 12:17:14 PM; 29,893; 28,043
Jul 11 2025 12:17:15 PM; 29,875; 28,045
Jul 11 2025 12:17:16 PM; 29,849; 28,046
Jul 11 2025 12:17:17 PM; 29,941; 28,048
Jul 11 2025 12:17:18 PM; 29,879; 28,049
Jul 11 2025 12:17:19 PM; 29,898; 28,051
Jul 11 2025 12:17:20 PM; 29,902; 28,052
Jul 11 2025 12:17:21 PM; 29,9; 28,054
Jul 11 2025 12:17:22 PM; 29,893; 28,055
Jul 11 2025 12:17:23 PM; 29,942; 28,057
Jul 11 2025 12:17:24 PM; 29,911; 28,059
Jul 11 2025 12:17:25 PM; 29,869; 28,06
Jul 11 2025 12:17:26 PM; 29,862; 28,062
Jul 11 2025 12:17:27 PM; 29,921; 28,063
Jul 11 2025 12:17:28 PM; 29,906; 28,065
Jul 11 2025 12:17:29 PM; 29,883; 28,066
Jul 11 2025 12:17:30 PM; 29,86; 28,068
Jul 11 2025 12:17:31 PM; 29,9; 28,07
Jul 11 2025 12:17:32 PM; 29,94; 28,071
Jul 11 2025 12:17:33 PM; 29,949; 28,073
Jul 11 2025 12:17:34 PM; 29,891; 28,074
Jul 11 2025 12:17:35 PM; 29,944; 28,076
Jul 11 2025 12:17:36 PM; 29,91; 28,078
Jul 11 2025 12:17:37 PM; 29,899; 28,08
Jul 11 2025 12:17:38 PM; 29,894; 28,081
Jul 11 2025 12:17:39 PM; 29,825; 28,083
Jul 11 2025 12:17:40 PM; 29,865; 28,084
Jul 11 2025 12:17:41 PM; 29,866; 28,086
Jul 11 2025 12:17:42 PM; 29,879; 28,088
Jul 11 2025 12:17:43 PM; 29,916; 28,089
Jul 11 2025 12:17:44 PM; 29,901; 28,09
Jul 11 2025 12:17:45 PM; 29,859; 28,092
Jul 11 2025 12:17:46 PM; 29,872; 28,094
Jul 11 2025 12:17:47 PM; 29,851; 28,095
Jul 11 2025 12:17:48 PM; 29,877; 28,097
Jul 11 2025 12:17:49 PM; 29,851; 28,098
Jul 11 2025 12:17:50 PM; 29,828; 28,1
Jul 11 2025 12:17:51 PM; 29,844; 28,101
Jul 11 2025 12:17:52 PM; 29,867; 28,102
Jul 11 2025 12:17:53 PM; 29,822; 28,104
Jul 11 2025 12:17:54 PM; 29,853; 28,105
Jul 11 2025 12:17:55 PM; 29,797; 28,107
Jul 11 2025 12:17:56 PM; 29,749; 28,108
Jul 11 2025 12:17:57 PM; 29,789; 28,109
Jul 11 2025 12:17:58 PM; 29,806; 28,111
Jul 11 2025 12:17:59 PM; 29,832; 28,112
Jul 11 2025 12:18:00 PM; 29,904; 28,113
Jul 11 2025 12:18:01 PM; 29,9; 28,114
Jul 11 2025 12:18:02 PM; 29,86; 28,115
Jul 11 2025 12:18:03 PM; 29,828; 28,116
Jul 11 2025 12:18:04 PM; 29,887; 28,118
Jul 11 2025 12:18:05 PM; 29,861; 28,119
Jul 11 2025 12:18:06 PM; 29,926; 28,12
Jul 11 2025 12:18:07 PM; 29,867; 28,122
Jul 11 2025 12:18:08 PM; 29,841; 28,123
Jul 11 2025 12:18:09 PM; 29,798; 28,124
Jul 11 2025 12:18:10 PM; 29,766; 28,126
Jul 11 2025 12:18:11 PM; 29,762; 28,127
Jul 11 2025 12:18:12 PM; 29,758; 28,128
Jul 11 2025 12:18:13 PM; 29,836; 28,129
Jul 11 2025 12:18:14 PM; 29,81; 28,131
Jul 11 2025 12:18:15 PM; 29,784; 28,132
Jul 11 2025 12:18:16 PM; 29,809; 28,133
Jul 11 2025 12:18:17 PM; 29,813; 28,134
Jul 11 2025 12:18:18 PM; 29,732; 28,135
Jul 11 2025 12:18:19 PM; 29,785; 28,136
Jul 11 2025 12:18:20 PM; 29,786; 28,137
Jul 11 2025 12:18:21 PM; 29,79; 28,138
Jul 11 2025 12:18:22 PM; 29,864; 28,138
Jul 11 2025 12:18:23 PM; 29,857; 28,14
Jul 11 2025 12:18:24 PM; 29,814; 28,14
Jul 11 2025 12:18:25 PM; 29,884; 28,141
Jul 11 2025 12:18:26 PM; 29,865; 28,142
Jul 11 2025 12:18:27 PM; 29,863; 28,143
Jul 11 2025 12:18:28 PM; 29,924; 28,144
Jul 11 2025 12:18:29 PM; 29,92; 28,145
Jul 11 2025 12:18:30 PM; 29,847; 28,146
Jul 11 2025 12:18:31 PM; 29,878; 28,146
Jul 11 2025 12:18:32 PM; 29,863; 28,148
Jul 11 2025 12:18:33 PM; 29,837; 28,149
Jul 11 2025 12:18:34 PM; 29,832; 28,15
Jul 11 2025 12:18:35 PM; 29,855; 28,151
Jul 11 2025 12:18:36 PM; 29,793; 28,152
Jul 11 2025 12:18:37 PM; 29,818; 28,153
Jul 11 2025 12:18:38 PM; 29,836; 28,154
Jul 11 2025 12:18:39 PM; 29,823; 28,155
Jul 11 2025 12:18:40 PM; 29,884; 28,156
Jul 11 2025 12:18:41 PM; 29,932; 28,157
Jul 11 2025 12:18:42 PM; 29,879; 28,158
Jul 11 2025 12:18:43 PM; 29,89; 28,159
Jul 11 2025 12:18:44 PM; 29,861; 28,16
Jul 11 2025 12:18:45 PM; 29,901; 28,162
Jul 11 2025 12:18:46 PM; 29,866; 28,163
Jul 11 2025 12:18:47 PM; 29,837; 28,164
Jul 11 2025 12:18:48 PM; 29,844; 28,165
Jul 11 2025 12:18:49 PM; 29,807; 28,166
Jul 11 2025 12:18:50 PM; 29,827; 28,167
Jul 11 2025 12:18:51 PM; 29,773; 28,168
Jul 11 2025 12:18:52 PM; 29,799; 28,169
Jul 11 2025 12:18:53 PM; 29,814; 28,17
Jul 11 2025 12:18:54 PM; 29,746; 28,171
Jul 11 2025 12:18:55 PM; 29,786; 28,172
Jul 11 2025 12:18:56 PM; 29,745; 28,173
Jul 11 2025 12:18:57 PM; 29,812; 28,174
Jul 11 2025 12:18:58 PM; 29,75; 28,175
Jul 11 2025 12:18:59 PM; 29,775; 28,176
Jul 11 2025 12:19:00 PM; 29,804; 28,176
Jul 11 2025 12:19:01 PM; 29,796; 28,177
Jul 11 2025 12:19:02 PM; 29,83; 28,178
Jul 11 2025 12:19:03 PM; 29,831; 28,179
Jul 11 2025 12:19:04 PM; 29,84; 28,18
Jul 11 2025 12:19:05 PM; 29,797; 28,181
Jul 11 2025 12:19:06 PM; 29,858; 28,181
Jul 11 2025 12:19:07 PM; 29,837; 28,183
Jul 11 2025 12:19:08 PM; 29,758; 28,183
Jul 11 2025 12:19:09 PM; 29,762; 28,184
Jul 11 2025 12:19:10 PM; 29,768; 28,185
Jul 11 2025 12:19:11 PM; 29,736; 28,185
Jul 11 2025 12:19:12 PM; 29,701; 28,186
Jul 11 2025 12:19:13 PM; 29,797; 28,186
Jul 11 2025 12:19:14 PM; 29,768; 28,188
Jul 11 2025 12:19:15 PM; 29,717; 28,188
Jul 11 2025 12:19:16 PM; 29,693; 28,189
Jul 11 2025 12:19:17 PM; 29,682; 28,19
Jul 11 2025 12:19:18 PM; 29,702; 28,19
Jul 11 2025 12:19:19 PM; 29,661; 28,191
Jul 11 2025 12:19:20 PM; 29,686; 28,191
Jul 11 2025 12:19:21 PM; 29,596; 28,192
Jul 11 2025 12:19:22 PM; 29,536; 28,192
Jul 11 2025 12:19:23 PM; 29,591; 28,192
Jul 11 2025 12:19:24 PM; 29,638; 28,192
Jul 11 2025 12:19:25 PM; 29,662; 28,192
Jul 11 2025 12:19:26 PM; 29,684; 28,192
Jul 11 2025 12:19:27 PM; 29,687; 28,192
Jul 11 2025 12:19:28 PM; 29,687; 28,192
Jul 11 2025 12:19:29 PM; 29,643; 28,191
Jul 11 2025 12:19:30 PM; 29,689; 28,191
Jul 11 2025 12:19:31 PM; 29,651; 28,191
Jul 11 2025 12:19:32 PM; 29,692; 28,191
Jul 11 2025 12:19:33 PM; 29,703; 28,191
Jul 11 2025 12:19:34 PM; 29,61; 28,191
Jul 11 2025 12:19:35 PM; 29,557; 28,191
Jul 11 2025 12:19:36 PM; 29,656; 28,191
Jul 11 2025 12:19:37 PM; 29,617; 28,191
Jul 11 2025 12:19:38 PM; 29,664; 28,19
Jul 11 2025 12:19:39 PM; 29,641; 28,19
Jul 11 2025 12:19:40 PM; 29,66; 28,19
Jul 11 2025 12:19:41 PM; 29,666; 28,189
Jul 11 2025 12:19:42 PM; 29,602; 28,189
Jul 11 2025 12:19:43 PM; 29,662; 28,189
Jul 11 2025 12:19:44 PM; 29,629; 28,189
Jul 11 2025 12:19:45 PM; 29,618; 28,189
Jul 11 2025 12:19:46 PM; 29,61; 28,189
Jul 11 2025 12:19:47 PM; 29,609; 28,188
Jul 11 2025 12:19:48 PM; 29,612; 28,188
Jul 11 2025 12:19:49 PM; 29,584; 28,188
Jul 11 2025 12:19:50 PM; 29,617; 28,188
Jul 11 2025 12:19:51 PM; 29,548; 28,187
Jul 11 2025 12:19:52 PM; 29,468; 28,187
Jul 11 2025 12:19:53 PM; 29,478; 28,186
Jul 11 2025 12:19:54 PM; 29,521; 28,185
Jul 11 2025 12:19:55 PM; 29,54; 28,185
Jul 11 2025 12:19:56 PM; 29,511; 28,184
Jul 11 2025 12:19:57 PM; 29,524; 28,183
Jul 11 2025 12:19:58 PM; 29,51; 28,182
Jul 11 2025 12:19:59 PM; 29,529; 28,182
Jul 11 2025 12:20:00 PM; 29,481; 28,181
Jul 11 2025 12:20:01 PM; 29,461; 28,18
Jul 11 2025 12:20:02 PM; 29,454; 28,179
Jul 11 2025 12:20:03 PM; 29,481; 28,178
Jul 11 2025 12:20:04 PM; 29,444; 28,177
Jul 11 2025 12:20:05 PM; 29,402; 28,176
Jul 11 2025 12:20:06 PM; 29,387; 28,175
Jul 11 2025 12:20:07 PM; 29,317; 28,174
Jul 11 2025 12:20:08 PM; 29,33; 28,173
Jul 11 2025 12:20:09 PM; 29,397; 28,171
Jul 11 2025 12:20:10 PM; 29,395; 28,169
Jul 11 2025 12:20:11 PM; 29,392; 28,168
Jul 11 2025 12:20:12 PM; 29,492; 28,166
Jul 11 2025 12:20:13 PM; 29,482; 28,166
Jul 11 2025 12:20:14 PM; 29,522; 28,164
Jul 11 2025 12:20:15 PM; 29,568; 28,163
Jul 11 2025 12:20:16 PM; 29,504; 28,162
Jul 11 2025 12:20:17 PM; 29,541; 28,161
Jul 11 2025 12:20:18 PM; 29,573; 28,16
Jul 11 2025 12:20:19 PM; 29,586; 28,159
Jul 11 2025 12:20:20 PM; 29,599; 28,158
Jul 11 2025 12:20:21 PM; 29,543; 28,157
Jul 11 2025 12:20:22 PM; 29,589; 28,156
Jul 11 2025 12:20:23 PM; 29,56; 28,155
Jul 11 2025 12:20:24 PM; 29,516; 28,155
Jul 11 2025 12:20:25 PM; 29,523; 28,154
Jul 11 2025 12:20:26 PM; 29,544; 28,153
Jul 11 2025 12:20:27 PM; 29,544; 28,153
Jul 11 2025 12:20:28 PM; 29,515; 28,152
Jul 11 2025 12:20:29 PM; 29,534; 28,151
Jul 11 2025 12:20:30 PM; 29,615; 28,15
Jul 11 2025 12:20:31 PM; 29,579; 28,15
Jul 11 2025 12:20:32 PM; 29,545; 28,149
Jul 11 2025 12:20:33 PM; 29,559; 28,148
Jul 11 2025 12:20:34 PM; 29,632; 28,148
Jul 11 2025 12:20:35 PM; 29,544; 28,147
Jul 11 2025 12:20:36 PM; 29,623; 28,146
Jul 11 2025 12:20:37 PM; 29,603; 28,146
Jul 11 2025 12:20:38 PM; 29,597; 28,145
Jul 11 2025 12:20:39 PM; 29,618; 28,145
Jul 11 2025 12:20:40 PM; 29,62; 28,144
Jul 11 2025 12:20:41 PM; 29,642; 28,144
Jul 11 2025 12:20:42 PM; 29,619; 28,143
Jul 11 2025 12:20:43 PM; 29,594; 28,143
Jul 11 2025 12:20:44 PM; 29,602; 28,142
Jul 11 2025 12:20:45 PM; 29,599; 28,142
Jul 11 2025 12:20:46 PM; 29,519; 28,141
Jul 11 2025 12:20:47 PM; 29,587; 28,141
Jul 11 2025 12:20:48 PM; 29,553; 28,14
Jul 11 2025 12:20:49 PM; 29,586; 28,14
Jul 11 2025 12:20:50 PM; 29,582; 28,139
Jul 11 2025 12:20:51 PM; 29,607; 28,139
Jul 11 2025 12:20:52 PM; 29,65; 28,138
Jul 11 2025 12:20:53 PM; 29,606; 28,138
Jul 11 2025 12:20:54 PM; 29,589; 28,138
Jul 11 2025 12:20:55 PM; 29,553; 28,138
Jul 11 2025 12:20:56 PM; 29,584; 28,138
Jul 11 2025 12:20:57 PM; 29,58; 28,137
Jul 11 2025 12:20:58 PM; 29,594; 28,137
Jul 11 2025 12:20:59 PM; 29,637; 28,136
Jul 11 2025 12:21:00 PM; 29,617; 28,135
Jul 11 2025 12:21:01 PM; 29,652; 28,135
Jul 11 2025 12:21:02 PM; 29,641; 28,135
Jul 11 2025 12:21:03 PM; 29,605; 28,134
Jul 11 2025 12:21:04 PM; 29,624; 28,134
Jul 11 2025 12:21:05 PM; 29,627; 28,134
Jul 11 2025 12:21:06 PM; 29,673; 28,134
Jul 11 2025 12:21:07 PM; 29,621; 28,134
Jul 11 2025 12:21:08 PM; 29,665; 28,134
Jul 11 2025 12:21:09 PM; 29,692; 28,133
Jul 11 2025 12:21:10 PM; 29,727; 28,133
Jul 11 2025 12:21:11 PM; 29,724; 28,133
Jul 11 2025 12:21:12 PM; 29,739; 28,133
Jul 11 2025 12:21:13 PM; 29,697; 28,133
Jul 11 2025 12:21:14 PM; 29,717; 28,134
Jul 11 2025 12:21:15 PM; 29,676; 28,134
Jul 11 2025 12:21:16 PM; 29,742; 28,134
Jul 11 2025 12:21:17 PM; 29,717; 28,134
Jul 11 2025 12:21:18 PM; 29,794; 28,134
Jul 11 2025 12:21:19 PM; 29,721; 28,134
Jul 11 2025 12:21:20 PM; 29,691; 28,135
Jul 11 2025 12:21:21 PM; 29,738; 28,135
Jul 11 2025 12:21:22 PM; 29,719; 28,136
Jul 11 2025 12:21:23 PM; 29,742; 28,136
Jul 11 2025 12:21:24 PM; 29,753; 28,137
Jul 11 2025 12:21:25 PM; 29,698; 28,137
Jul 11 2025 12:21:26 PM; 29,757; 28,138
Jul 11 2025 12:21:27 PM; 29,724; 28,138
Jul 11 2025 12:21:28 PM; 29,746; 28,138
Jul 11 2025 12:21:29 PM; 29,725; 28,139
Jul 11 2025 12:21:30 PM; 29,788; 28,139
Jul 11 2025 12:21:31 PM; 29,704; 28,14
Jul 11 2025 12:21:32 PM; 29,762; 28,14
Jul 11 2025 12:21:33 PM; 29,735; 28,141
Jul 11 2025 12:21:34 PM; 29,774; 28,141
Jul 11 2025 12:21:35 PM; 29,791; 28,142
Jul 11 2025 12:21:36 PM; 29,701; 28,143
Jul 11 2025 12:21:37 PM; 29,685; 28,143
Jul 11 2025 12:21:38 PM; 29,749; 28,143
Jul 11 2025 12:21:39 PM; 29,675; 28,144
Jul 11 2025 12:21:40 PM; 29,703; 28,144
Jul 11 2025 12:21:41 PM; 29,712; 28,145
Jul 11 2025 12:21:42 PM; 29,66; 28,146
Jul 11 2025 12:21:43 PM; 29,584; 28,146
Jul 11 2025 12:21:44 PM; 29,535; 28,146
Jul 11 2025 12:21:45 PM; 29,477; 28,147
Jul 11 2025 12:21:46 PM; 29,516; 28,146
Jul 11 2025 12:21:47 PM; 29,562; 28,146
Jul 11 2025 12:21:48 PM; 29,59; 28,147
Jul 11 2025 12:21:49 PM; 29,57; 28,146
Jul 11 2025 12:21:50 PM; 29,573; 28,146
Jul 11 2025 12:21:51 PM; 29,578; 28,146
Jul 11 2025 12:21:52 PM; 29,536; 28,145
Jul 11 2025 12:21:53 PM; 29,465; 28,145
Jul 11 2025 12:21:54 PM; 29,505; 28,144
Jul 11 2025 12:21:55 PM; 29,464; 28,144
Jul 11 2025 12:21:56 PM; 29,494; 28,144
Jul 11 2025 12:21:57 PM; 29,471; 28,143
Jul 11 2025 12:21:58 PM; 29,481; 28,142
Jul 11 2025 12:21:59 PM; 29,456; 28,142
Jul 11 2025 12:22:00 PM; 29,433; 28,141
Jul 11 2025 12:22:01 PM; 29,492; 28,14
Jul 11 2025 12:22:02 PM; 29,434; 28,139
Jul 11 2025 12:22:03 PM; 29,504; 28,138
Jul 11 2025 12:22:04 PM; 29,465; 28,137
Jul 11 2025 12:22:05 PM; 29,489; 28,136
Jul 11 2025 12:22:06 PM; 29,524; 28,135
Jul 11 2025 12:22:07 PM; 29,52; 28,134
Jul 11 2025 12:22:08 PM; 29,58; 28,134
Jul 11 2025 12:22:09 PM; 29,576; 28,133
Jul 11 2025 12:22:10 PM; 29,57; 28,132
Jul 11 2025 12:22:11 PM; 29,638; 28,132
Jul 11 2025 12:22:12 PM; 29,621; 28,131
Jul 11 2025 12:22:13 PM; 29,607; 28,131
Jul 11 2025 12:22:14 PM; 29,53; 28,13
Jul 11 2025 12:22:15 PM; 29,375; 28,13
Jul 11 2025 12:22:16 PM; 29,402; 28,13
Jul 11 2025 12:22:17 PM; 29,437; 28,128
Jul 11 2025 12:22:18 PM; 29,461; 28,128
Jul 11 2025 12:22:19 PM; 29,496; 28,127
Jul 11 2025 12:22:20 PM; 29,558; 28,126
Jul 11 2025 12:22:21 PM; 29,5; 28,125
Jul 11 2025 12:22:22 PM; 29,466; 28,124
Jul 11 2025 12:22:23 PM; 29,457; 28,124
Jul 11 2025 12:22:24 PM; 29,478; 28,123
Jul 11 2025 12:22:25 PM; 29,502; 28,122
Jul 11 2025 12:22:26 PM; 29,537; 28,122
Jul 11 2025 12:22:27 PM; 29,459; 28,12
Jul 11 2025 12:22:28 PM; 29,478; 28,12
Jul 11 2025 12:22:29 PM; 29,493; 28,119
Jul 11 2025 12:22:30 PM; 29,507; 28,118
Jul 11 2025 12:22:31 PM; 29,514; 28,118
Jul 11 2025 12:22:32 PM; 29,519; 28,117
Jul 11 2025 12:22:33 PM; 29,548; 28,116
Jul 11 2025 12:22:34 PM; 29,545; 28,115
Jul 11 2025 12:22:35 PM; 29,495; 28,115
Jul 11 2025 12:22:36 PM; 29,536; 28,114
Jul 11 2025 12:22:37 PM; 29,562; 28,114
Jul 11 2025 12:22:38 PM; 29,595; 28,113
Jul 11 2025 12:22:39 PM; 29,619; 28,113
Jul 11 2025 12:22:40 PM; 29,619; 28,112
Jul 11 2025 12:22:41 PM; 29,546; 28,112
Jul 11 2025 12:22:42 PM; 29,582; 28,112
Jul 11 2025 12:22:43 PM; 29,598; 28,111
Jul 11 2025 12:22:44 PM; 29,6; 28,11
Jul 11 2025 12:22:45 PM; 29,545; 28,11
Jul 11 2025 12:22:46 PM; 29,578; 28,11
Jul 11 2025 12:22:47 PM; 29,558; 28,11
Jul 11 2025 12:22:48 PM; 29,632; 28,11
Jul 11 2025 12:22:49 PM; 29,591; 28,11
Jul 11 2025 12:22:50 PM; 29,627; 28,109
Jul 11 2025 12:22:51 PM; 29,648; 28,108
Jul 11 2025 12:22:52 PM; 29,629; 28,109
Jul 11 2025 12:22:53 PM; 29,574; 28,109
Jul 11 2025 12:22:54 PM; 29,558; 28,109
Jul 11 2025 12:22:55 PM; 29,541; 28,109
Jul 11 2025 12:22:56 PM; 29,552; 28,108
Jul 11 2025 12:22:57 PM; 29,562; 28,108
Jul 11 2025 12:22:58 PM; 29,556; 28,108
Jul 11 2025 12:22:59 PM; 29,537; 28,108
Jul 11 2025 12:23:00 PM; 29,556; 28,107
Jul 11 2025 12:23:01 PM; 29,605; 28,107
Jul 11 2025 12:23:02 PM; 29,635; 28,106
Jul 11 2025 12:23:03 PM; 29,497; 28,106
Jul 11 2025 12:23:04 PM; 29,82; 28,106
Jul 11 2025 12:23:05 PM; 29,793; 28,106
Jul 11 2025 12:23:06 PM; 29,905; 28,105
Jul 11 2025 12:23:07 PM; 29,888; 28,105
Jul 11 2025 12:23:08 PM; 29,852; 28,104
Jul 11 2025 12:23:09 PM; 29,88; 28,104
Jul 11 2025 12:23:10 PM; 29,904; 28,104
Jul 11 2025 12:23:11 PM; 29,896; 28,104
Jul 11 2025 12:23:12 PM; 30,013; 28,104
Jul 11 2025 12:23:13 PM; 30,005; 28,103
Jul 11 2025 12:23:14 PM; 29,994; 28,104
Jul 11 2025 12:23:15 PM; 29,916; 28,103
Jul 11 2025 12:23:16 PM; 29,823; 28,103
Jul 11 2025 12:23:17 PM; 29,848; 28,102
Jul 11 2025 12:23:18 PM; 29,908; 28,102
Jul 11 2025 12:23:19 PM; 30,047; 28,102
Jul 11 2025 12:23:20 PM; 29,979; 28,102
Jul 11 2025 12:23:21 PM; 29,954; 28,102
Jul 11 2025 12:23:22 PM; 29,998; 28,102
Jul 11 2025 12:23:23 PM; 30,047; 28,102
Jul 11 2025 12:23:24 PM; 30,031; 28,102
Jul 11 2025 12:23:25 PM; 30,012; 28,102
Jul 11 2025 12:23:26 PM; 30,023; 28,102
Jul 11 2025 12:23:27 PM; 30,11; 28,102
Jul 11 2025 12:23:28 PM; 30,091; 28,102
Jul 11 2025 12:23:29 PM; 30,066; 28,102
Jul 11 2025 12:23:30 PM; 29,877; 28,102
Jul 11 2025 12:23:31 PM; 29,837; 28,103
Jul 11 2025 12:23:32 PM; 29,946; 28,102
Jul 11 2025 12:23:33 PM; 29,905; 28,102
Jul 11 2025 12:23:34 PM; 29,806; 28,102
Jul 11 2025 12:23:35 PM; 29,732; 28,102
Jul 11 2025 12:23:36 PM; 29,713; 28,103
Jul 11 2025 12:23:37 PM; 29,724; 28,102
Jul 11 2025 12:23:38 PM; 29,724; 28,102
Jul 11 2025 12:23:39 PM; 29,842; 28,102
Jul 11 2025 12:23:40 PM; 29,795; 28,102
Jul 11 2025 12:23:41 PM; 29,792; 28,102
Jul 11 2025 12:23:42 PM; 29,65; 28,102
Jul 11 2025 12:23:43 PM; 29,493; 28,102
Jul 11 2025 12:23:44 PM; 29,377; 28,102
Jul 11 2025 12:23:45 PM; 29,36; 28,101
Jul 11 2025 12:23:46 PM; 29,396; 28,101
Jul 11 2025 12:23:47 PM; 29,414; 28,1
Jul 11 2025 12:23:48 PM; 29,596; 28,1
Jul 11 2025 12:23:49 PM; 29,675; 28,1
Jul 11 2025 12:23:50 PM; 29,603; 28,1
Jul 11 2025 12:23:51 PM; 29,427; 28,099
Jul 11 2025 12:23:52 PM; 29,531; 28,099
Jul 11 2025 12:23:53 PM; 29,566; 28,098
Jul 11 2025 12:23:54 PM; 29,668; 28,098
Jul 11 2025 12:23:55 PM; 29,703; 28,098
Jul 11 2025 12:23:56 PM; 29,749; 28,097
Jul 11 2025 12:23:57 PM; 29,806; 28,097
Jul 11 2025 12:23:58 PM; 29,617; 28,097
Jul 11 2025 12:23:59 PM; 29,542; 28,096
Jul 11 2025 12:24:00 PM; 29,602; 28,096
Jul 11 2025 12:24:01 PM; 29,586; 28,096
Jul 11 2025 12:24:02 PM; 29,741; 28,095
Jul 11 2025 12:24:03 PM; 29,755; 28,094
Jul 11 2025 12:24:04 PM; 29,792; 28,094
Jul 11 2025 12:24:05 PM; 29,721; 28,093
Jul 11 2025 12:24:06 PM; 29,792; 28,093
Jul 11 2025 12:24:07 PM; 29,709; 28,092
Jul 11 2025 12:24:08 PM; 29,675; 28,092
Jul 11 2025 12:24:09 PM; 29,721; 28,091
Jul 11 2025 12:24:10 PM; 29,679; 28,09
Jul 11 2025 12:24:11 PM; 29,811; 28,09
Jul 11 2025 12:24:12 PM; 29,767; 28,09
Jul 11 2025 12:24:13 PM; 29,741; 28,089
Jul 11 2025 12:24:14 PM; 29,692; 28,089
Jul 11 2025 12:24:15 PM; 29,673; 28,089
Jul 11 2025 12:24:16 PM; 29,612; 28,089
Jul 11 2025 12:24:17 PM; 29,476; 28,088
Jul 11 2025 12:24:18 PM; 29,462; 28,088
Jul 11 2025 12:24:19 PM; 29,519; 28,087
Jul 11 2025 12:24:20 PM; 29,526; 28,086
Jul 11 2025 12:24:21 PM; 29,504; 28,085
Jul 11 2025 12:24:22 PM; 29,492; 28,085
Jul 11 2025 12:24:23 PM; 29,496; 28,084
Jul 11 2025 12:24:24 PM; 29,575; 28,082
Jul 11 2025 12:24:25 PM; 29,604; 28,081
Jul 11 2025 12:24:26 PM; 29,626; 28,081
Jul 11 2025 12:24:27 PM; 29,707; 28,08
Jul 11 2025 12:24:28 PM; 29,692; 28,079
Jul 11 2025 12:24:29 PM; 29,722; 28,078
Jul 11 2025 12:24:30 PM; 29,705; 28,078
Jul 11 2025 12:24:31 PM; 29,723; 28,077
Jul 11 2025 12:24:32 PM; 29,742; 28,076
Jul 11 2025 12:24:33 PM; 29,93; 28,075
Jul 11 2025 12:24:34 PM; 29,822; 28,075
Jul 11 2025 12:24:35 PM; 29,849; 28,074
Jul 11 2025 12:24:36 PM; 29,889; 28,073
Jul 11 2025 12:24:37 PM; 29,771; 28,072
Jul 11 2025 12:24:38 PM; 29,737; 28,072
Jul 11 2025 12:24:39 PM; 29,52; 28,071
Jul 11 2025 12:24:40 PM; 29,503; 28,071
Jul 11 2025 12:24:41 PM; 29,497; 28,07
Jul 11 2025 12:24:42 PM; 29,636; 28,07
Jul 11 2025 12:24:43 PM; 29,639; 28,069
Jul 11 2025 12:24:44 PM; 29,709; 28,068
Jul 11 2025 12:24:45 PM; 29,744; 28,068
Jul 11 2025 12:24:46 PM; 29,72; 28,068
Jul 11 2025 12:24:47 PM; 29,711; 28,067
Jul 11 2025 12:24:48 PM; 29,784; 28,066
Jul 11 2025 12:24:49 PM; 29,776; 28,066
Jul 11 2025 12:24:50 PM; 29,638; 28,065
Jul 11 2025 12:24:51 PM; 29,542; 28,065
Jul 11 2025 12:24:52 PM; 29,629; 28,065
Jul 11 2025 12:24:53 PM; 29,532; 28,064
Jul 11 2025 12:24:54 PM; 29,526; 28,064
Jul 11 2025 12:24:55 PM; 29,553; 28,063
Jul 11 2025 12:24:56 PM; 29,567; 28,063
Jul 11 2025 12:24:57 PM; 29,701; 28,063
Jul 11 2025 12:24:58 PM; 29,657; 28,063
Jul 11 2025 12:24:59 PM; 29,714; 28,062
Jul 11 2025 12:25:00 PM; 29,752; 28,062
Jul 11 2025 12:25:01 PM; 29,782; 28,061
Jul 11 2025 12:25:02 PM; 29,848; 28,061
Jul 11 2025 12:25:03 PM; 29,68; 28,061
Jul 11 2025 12:25:04 PM; 29,628; 28,061
Jul 11 2025 12:25:05 PM; 29,575; 28,06
Jul 11 2025 12:25:06 PM; 29,605; 28,06
Jul 11 2025 12:25:07 PM; 29,684; 28,06
Jul 11 2025 12:25:08 PM; 29,769; 28,059
Jul 11 2025 12:25:09 PM; 29,728; 28,059
Jul 11 2025 12:25:10 PM; 29,656; 28,059
Jul 11 2025 12:25:11 PM; 29,405; 28,058
Jul 11 2025 12:25:12 PM; 29,275; 28,058
Jul 11 2025 12:25:13 PM; 29,324; 28,057
Jul 11 2025 12:25:14 PM; 29,216; 28,057
Jul 11 2025 12:25:15 PM; 29,237; 28,055
Jul 11 2025 12:25:16 PM; 29,223; 28,054
Jul 11 2025 12:25:17 PM; 29,247; 28,054
Jul 11 2025 12:25:18 PM; 29,298; 28,053
Jul 11 2025 12:25:19 PM; 29,286; 28,052
Jul 11 2025 12:25:20 PM; 29,258; 28,051
Jul 11 2025 12:25:21 PM; 29,37; 28,05
Jul 11 2025 12:25:22 PM; 29,363; 28,049
Jul 11 2025 12:25:23 PM; 29,381; 28,048
Jul 11 2025 12:25:24 PM; 29,457; 28,047
Jul 11 2025 12:25:25 PM; 29,395; 28,045
Jul 11 2025 12:25:26 PM; 29,419; 28,044
Jul 11 2025 12:25:27 PM; 29,458; 28,043
Jul 11 2025 12:25:28 PM; 29,531; 28,041
Jul 11 2025 12:25:29 PM; 29,555; 28,04
Jul 11 2025 12:25:30 PM; 29,532; 28,039
Jul 11 2025 12:25:31 PM; 29,607; 28,038
Jul 11 2025 12:25:32 PM; 29,655; 28,036
Jul 11 2025 12:25:33 PM; 29,621; 28,035
Jul 11 2025 12:25:34 PM; 29,694; 28,034
Jul 11 2025 12:25:35 PM; 29,614; 28,033
Jul 11 2025 12:25:36 PM; 29,631; 28,031
Jul 11 2025 12:25:37 PM; 29,625; 28,03
Jul 11 2025 12:25:38 PM; 29,673; 28,029
Jul 11 2025 12:25:39 PM; 29,748; 28,028
Jul 11 2025 12:25:40 PM; 29,728; 28,027
Jul 11 2025 12:25:41 PM; 29,694; 28,026
Jul 11 2025 12:25:42 PM; 29,617; 28,025
Jul 11 2025 12:25:43 PM; 29,69; 28,024
Jul 11 2025 12:25:44 PM; 29,673; 28,024
Jul 11 2025 12:25:45 PM; 29,708; 28,023
Jul 11 2025 12:25:46 PM; 29,795; 28,022
Jul 11 2025 12:25:47 PM; 29,748; 28,022
Jul 11 2025 12:25:48 PM; 29,687; 28,021
Jul 11 2025 12:25:49 PM; 29,678; 28,02
Jul 11 2025 12:25:50 PM; 29,765; 28,02
Jul 11 2025 12:25:51 PM; 29,852; 28,019
Jul 11 2025 12:25:52 PM; 29,734; 28,019
Jul 11 2025 12:25:53 PM; 29,712; 28,018
Jul 11 2025 12:25:54 PM; 29,538; 28,018
Jul 11 2025 12:25:55 PM; 29,521; 28,017
Jul 11 2025 12:25:56 PM; 29,371; 28,016
Jul 11 2025 12:25:57 PM; 29,472; 28,015
Jul 11 2025 12:25:58 PM; 29,554; 28,015
Jul 11 2025 12:25:59 PM; 29,49; 28,014
Jul 11 2025 12:26:00 PM; 29,311; 28,014
Jul 11 2025 12:26:01 PM; 29,374; 28,013
Jul 11 2025 12:26:02 PM; 29,351; 28,012
Jul 11 2025 12:26:03 PM; 29,342; 28,011
Jul 11 2025 12:26:04 PM; 29,404; 28,01
Jul 11 2025 12:26:05 PM; 29,356; 28,009
Jul 11 2025 12:26:06 PM; 29,427; 28,008
Jul 11 2025 12:26:07 PM; 29,465; 28,008
Jul 11 2025 12:26:08 PM; 29,494; 28,006
Jul 11 2025 12:26:09 PM; 29,479; 28,006
Jul 11 2025 12:26:10 PM; 29,457; 28,005
Jul 11 2025 12:26:11 PM; 29,342; 28,004
Jul 11 2025 12:26:12 PM; 29,361; 28,003
Jul 11 2025 12:26:13 PM; 29,236; 28,002
Jul 11 2025 12:26:14 PM; 29,241; 28,001
Jul 11 2025 12:26:15 PM; 29,306; 28
Jul 11 2025 12:26:16 PM; 29,255; 27,999
Jul 11 2025 12:26:17 PM; 29,232; 27,998
Jul 11 2025 12:26:18 PM; 29,217; 27,997
Jul 11 2025 12:26:19 PM; 29,214; 27,996
Jul 11 2025 12:26:20 PM; 29,215; 27,994
Jul 11 2025 12:26:21 PM; 29,28; 27,993
Jul 11 2025 12:26:22 PM; 29,229; 27,992
Jul 11 2025 12:26:23 PM; 29,23; 27,991
Jul 11 2025 12:26:24 PM; 29,254; 27,99
Jul 11 2025 12:26:25 PM; 29,231; 27,989
Jul 11 2025 12:26:26 PM; 29,219; 27,987
Jul 11 2025 12:26:27 PM; 29,273; 27,986
Jul 11 2025 12:26:28 PM; 29,172; 27,985
Jul 11 2025 12:26:29 PM; 29,268; 27,984
Jul 11 2025 12:26:30 PM; 29,299; 27,982
Jul 11 2025 12:26:31 PM; 29,293; 27,981
Jul 11 2025 12:26:32 PM; 29,286; 27,98
Jul 11 2025 12:26:33 PM; 29,309; 27,979
Jul 11 2025 12:26:34 PM; 29,333; 27,978
Jul 11 2025 12:26:35 PM; 29,338; 27,977
Jul 11 2025 12:26:36 PM; 29,365; 27,977
Jul 11 2025 12:26:37 PM; 29,328; 27,976
Jul 11 2025 12:26:38 PM; 29,239; 27,974
Jul 11 2025 12:26:39 PM; 29,282; 27,974
Jul 11 2025 12:26:40 PM; 29,268; 27,973
Jul 11 2025 12:26:41 PM; 29,247; 27,972
Jul 11 2025 12:26:42 PM; 29,274; 27,971
Jul 11 2025 12:26:43 PM; 29,287; 27,97
Jul 11 2025 12:26:44 PM; 29,27; 27,969
Jul 11 2025 12:26:45 PM; 29,272; 27,968
Jul 11 2025 12:26:46 PM; 29,254; 27,968
Jul 11 2025 12:26:47 PM; 29,267; 27,967
Jul 11 2025 12:26:48 PM; 29,209; 27,966
Jul 11 2025 12:26:49 PM; 29,255; 27,965
Jul 11 2025 12:26:50 PM; 29,232; 27,965
Jul 11 2025 12:26:51 PM; 29,258; 27,964
Jul 11 2025 12:26:52 PM; 29,263; 27,963
Jul 11 2025 12:26:53 PM; 29,259; 27,962
Jul 11 2025 12:26:54 PM; 29,317; 27,961
Jul 11 2025 12:26:55 PM; 29,286; 27,96
Jul 11 2025 12:26:56 PM; 29,326; 27,96
Jul 11 2025 12:26:57 PM; 29,339; 27,959
Jul 11 2025 12:26:58 PM; 29,346; 27,958
Jul 11 2025 12:26:59 PM; 29,274; 27,957
Jul 11 2025 12:27:00 PM; 29,345; 27,957
Jul 11 2025 12:27:01 PM; 29,394; 27,956
Jul 11 2025 12:27:02 PM; 29,344; 27,956
Jul 11 2025 12:27:03 PM; 29,308; 27,955
Jul 11 2025 12:27:04 PM; 29,288; 27,955
Jul 11 2025 12:27:05 PM; 29,271; 27,954
Jul 11 2025 12:27:06 PM; 29,386; 27,954
Jul 11 2025 12:27:07 PM; 29,312; 27,954
Jul 11 2025 12:27:08 PM; 29,333; 27,953
Jul 11 2025 12:27:09 PM; 29,266; 27,952
Jul 11 2025 12:27:10 PM; 29,249; 27,952
Jul 11 2025 12:27:11 PM; 29,238; 27,951
Jul 11 2025 12:27:12 PM; 29,201; 27,95
Jul 11 2025 12:27:13 PM; 29,222; 27,95
Jul 11 2025 12:27:14 PM; 29,161; 27,949
Jul 11 2025 12:27:15 PM; 29,143; 27,948
Jul 11 2025 12:27:16 PM; 29,153; 27,946
Jul 11 2025 12:27:17 PM; 29,194; 27,946
Jul 11 2025 12:27:18 PM; 29,146; 27,945
Jul 11 2025 12:27:19 PM; 29,117; 27,944
Jul 11 2025 12:27:20 PM; 29,155; 27,943
Jul 11 2025 12:27:21 PM; 29,146; 27,942
Jul 11 2025 12:27:22 PM; 29,139; 27,94
Jul 11 2025 12:27:23 PM; 29,16; 27,939
Jul 11 2025 12:27:24 PM; 29,164; 27,938
Jul 11 2025 12:27:25 PM; 29,133; 27,937
Jul 11 2025 12:27:26 PM; 29,076; 27,935
Jul 11 2025 12:27:27 PM; 29,1; 27,934
Jul 11 2025 12:27:28 PM; 29,128; 27,932
Jul 11 2025 12:27:29 PM; 29,135; 27,931
Jul 11 2025 12:27:30 PM; 29,161; 27,93
Jul 11 2025 12:27:31 PM; 29,171; 27,928
Jul 11 2025 12:27:32 PM; 29,156; 27,927
Jul 11 2025 12:27:33 PM; 29,196; 27,926
Jul 11 2025 12:27:34 PM; 29,148; 27,924
Jul 11 2025 12:27:35 PM; 29,232; 27,924
Jul 11 2025 12:27:36 PM; 29,06; 27,922
Jul 11 2025 12:27:37 PM; 28,589; 27,921
Jul 11 2025 12:27:38 PM; 29,198; 27,92
Jul 11 2025 12:27:39 PM; 29,263; 27,919
Jul 11 2025 12:27:40 PM; 29,246; 27,918
Jul 11 2025 12:27:41 PM; 29,272; 27,917
Jul 11 2025 12:27:42 PM; 29,244; 27,916
Jul 11 2025 12:27:43 PM; 29,279; 27,915
Jul 11 2025 12:27:44 PM; 29,262; 27,915
Jul 11 2025 12:27:45 PM; 29,223; 27,914
Jul 11 2025 12:27:46 PM; 29,244; 27,913
Jul 11 2025 12:27:47 PM; 29,282; 27,912
Jul 11 2025 12:27:48 PM; 29,265; 27,912
Jul 11 2025 12:27:49 PM; 29,234; 27,911
Jul 11 2025 12:27:50 PM; 29,189; 27,911
Jul 11 2025 12:27:51 PM; 29,199; 27,91
Jul 11 2025 12:27:52 PM; 29,174; 27,909
Jul 11 2025 12:27:53 PM; 29,181; 27,908
Jul 11 2025 12:27:54 PM; 29,194; 27,908
Jul 11 2025 12:27:55 PM; 29,155; 27,907
Jul 11 2025 12:27:56 PM; 29,127; 27,906
Jul 11 2025 12:27:57 PM; 29,118; 27,906
Jul 11 2025 12:27:58 PM; 29,156; 27,905
Jul 11 2025 12:27:59 PM; 29,124; 27,904
Jul 11 2025 12:28:00 PM; 29,107; 27,903
Jul 11 2025 12:28:01 PM; 29,098; 27,902
Jul 11 2025 12:28:02 PM; 29,124; 27,9
Jul 11 2025 12:28:03 PM; 29,098; 27,9
Jul 11 2025 12:28:04 PM; 29,04; 27,899
Jul 11 2025 12:28:05 PM; 29,044; 27,897
Jul 11 2025 12:28:06 PM; 29,045; 27,896
Jul 11 2025 12:28:07 PM; 29,06; 27,895
Jul 11 2025 12:28:08 PM; 29,068; 27,894
Jul 11 2025 12:28:09 PM; 29,08; 27,892
Jul 11 2025 12:28:10 PM; 29,079; 27,891
Jul 11 2025 12:28:11 PM; 29,113; 27,89
Jul 11 2025 12:28:12 PM; 29,167; 27,888
Jul 11 2025 12:28:13 PM; 29,097; 27,887
Jul 11 2025 12:28:14 PM; 29,112; 27,886
Jul 11 2025 12:28:15 PM; 29,152; 27,884
Jul 11 2025 12:28:16 PM; 29,126; 27,883
Jul 11 2025 12:28:17 PM; 29,163; 27,882
Jul 11 2025 12:28:18 PM; 29,145; 27,88
Jul 11 2025 12:28:19 PM; 29,152; 27,879
Jul 11 2025 12:28:20 PM; 29,176; 27,878
Jul 11 2025 12:28:21 PM; 29,17; 27,877
Jul 11 2025 12:28:22 PM; 29,174; 27,876
Jul 11 2025 12:28:23 PM; 29,157; 27,875
Jul 11 2025 12:28:24 PM; 29,155; 27,874
Jul 11 2025 12:28:25 PM; 29,138; 27,873
Jul 11 2025 12:28:26 PM; 29,126; 27,872
Jul 11 2025 12:28:27 PM; 29,124; 27,871
Jul 11 2025 12:28:28 PM; 29,06; 27,87
Jul 11 2025 12:28:29 PM; 29,081; 27,869
Jul 11 2025 12:28:30 PM; 29,116; 27,867
Jul 11 2025 12:28:31 PM; 29,092; 27,866
Jul 11 2025 12:28:32 PM; 29,149; 27,865
Jul 11 2025 12:28:33 PM; 29,139; 27,864
Jul 11 2025 12:28:34 PM; 29,168; 27,862
Jul 11 2025 12:28:35 PM; 29,153; 27,861
Jul 11 2025 12:28:36 PM; 29,163; 27,86
Jul 11 2025 12:28:37 PM; 29,229; 27,86
Jul 11 2025 12:28:38 PM; 29,164; 27,858
Jul 11 2025 12:28:39 PM; 29,188; 27,858
Jul 11 2025 12:28:40 PM; 29,157; 27,857
Jul 11 2025 12:28:41 PM; 29,124; 27,856
Jul 11 2025 12:28:42 PM; 29,183; 27,855
Jul 11 2025 12:28:43 PM; 29,158; 27,854
Jul 11 2025 12:28:44 PM; 29,173; 27,854
Jul 11 2025 12:28:45 PM; 29,167; 27,853
Jul 11 2025 12:28:46 PM; 29,161; 27,852
Jul 11 2025 12:28:47 PM; 29,223; 27,851
Jul 11 2025 12:28:48 PM; 29,184; 27,85
Jul 11 2025 12:28:49 PM; 29,172; 27,85
Jul 11 2025 12:28:50 PM; 29,221; 27,849
Jul 11 2025 12:28:51 PM; 29,207; 27,849
Jul 11 2025 12:28:52 PM; 29,148; 27,848
Jul 11 2025 12:28:53 PM; 29,167; 27,847
Jul 11 2025 12:28:54 PM; 29,166; 27,846
Jul 11 2025 12:28:55 PM; 29,163; 27,846
Jul 11 2025 12:28:56 PM; 29,168; 27,845
Jul 11 2025 12:28:57 PM; 29,168; 27,845
Jul 11 2025 12:28:58 PM; 29,169; 27,844
Jul 11 2025 12:28:59 PM; 29,196; 27,844
Jul 11 2025 12:29:00 PM; 29,127; 27,843
Jul 11 2025 12:29:01 PM; 29,134; 27,842
Jul 11 2025 12:29:02 PM; 29,154; 27,842
Jul 11 2025 12:29:03 PM; 29,164; 27,841
Jul 11 2025 12:29:04 PM; 29,158; 27,841
Jul 11 2025 12:29:05 PM; 29,138; 27,84
Jul 11 2025 12:29:06 PM; 29,176; 27,84
Jul 11 2025 12:29:07 PM; 29,181; 27,839
Jul 11 2025 12:29:08 PM; 29,141; 27,838
Jul 11 2025 12:29:09 PM; 29,199; 27,838
Jul 11 2025 12:29:10 PM; 29,171; 27,837
Jul 11 2025 12:29:11 PM; 29,244; 27,837
Jul 11 2025 12:29:12 PM; 29,205; 27,836
Jul 11 2025 12:29:13 PM; 29,196; 27,835
Jul 11 2025 12:29:14 PM; 29,239; 27,834
Jul 11 2025 12:29:15 PM; 29,296; 27,833
Jul 11 2025 12:29:16 PM; 29,265; 27,832
Jul 11 2025 12:29:17 PM; 29,259; 27,832
Jul 11 2025 12:29:18 PM; 29,236; 27,831
Jul 11 2025 12:29:19 PM; 29,224; 27,83
Jul 11 2025 12:29:20 PM; 29,191; 27,83
Jul 11 2025 12:29:21 PM; 29,196; 27,829
Jul 11 2025 12:29:22 PM; 29,22; 27,828
Jul 11 2025 12:29:23 PM; 29,227; 27,828
Jul 11 2025 12:29:24 PM; 29,196; 27,827
Jul 11 2025 12:29:25 PM; 29,168; 27,826
Jul 11 2025 12:29:26 PM; 29,219; 27,825
Jul 11 2025 12:29:27 PM; 29,296; 27,825
Jul 11 2025 12:29:28 PM; 29,193; 27,823
Jul 11 2025 12:29:29 PM; 29,184; 27,823
Jul 11 2025 12:29:30 PM; 29,199; 27,822
Jul 11 2025 12:29:31 PM; 29,138; 27,821
Jul 11 2025 12:29:32 PM; 29,129; 27,82
Jul 11 2025 12:29:33 PM; 29,166; 27,819
Jul 11 2025 12:29:34 PM; 29,14; 27,818
Jul 11 2025 12:29:35 PM; 29,123; 27,817
Jul 11 2025 12:29:36 PM; 29,144; 27,816
Jul 11 2025 12:29:37 PM; 29,105; 27,815
Jul 11 2025 12:29:38 PM; 29,062; 27,814
Jul 11 2025 12:29:39 PM; 29,084; 27,814
Jul 11 2025 12:29:40 PM; 29,016; 27,812
Jul 11 2025 12:29:41 PM; 29,045; 27,811
Jul 11 2025 12:29:42 PM; 29,126; 27,809
Jul 11 2025 12:29:43 PM; 29,056; 27,808
Jul 11 2025 12:29:44 PM; 29,146; 27,807
Jul 11 2025 12:29:45 PM; 29,054; 27,805
Jul 11 2025 12:29:46 PM; 28,947; 27,804
Jul 11 2025 12:29:47 PM; 28,987; 27,802
Jul 11 2025 12:29:48 PM; 28,983; 27,801
Jul 11 2025 12:29:49 PM; 28,995; 27,799
Jul 11 2025 12:29:50 PM; 29,051; 27,797
Jul 11 2025 12:29:51 PM; 29,044; 27,795
Jul 11 2025 12:29:52 PM; 28,984; 27,794
Jul 11 2025 12:29:53 PM; 28,993; 27,792
Jul 11 2025 12:29:54 PM; 29,069; 27,79
Jul 11 2025 12:29:55 PM; 29,125; 27,789
Jul 11 2025 12:29:56 PM; 29,088; 27,787
Jul 11 2025 12:29:57 PM; 29,155; 27,786
Jul 11 2025 12:29:58 PM; 29,153; 27,784
Jul 11 2025 12:29:59 PM; 29,127; 27,782
Jul 11 2025 12:30:00 PM; 29,078; 27,78
Jul 11 2025 12:30:01 PM; 29,044; 27,78
Jul 11 2025 12:30:02 PM; 29,09; 27,778
Jul 11 2025 12:30:03 PM; 29,036; 27,777
Jul 11 2025 12:30:04 PM; 29,09; 27,775
Jul 11 2025 12:30:05 PM; 29,006; 27,774
Jul 11 2025 12:30:06 PM; 29,079; 27,773
Jul 11 2025 12:30:07 PM; 29,053; 27,771
Jul 11 2025 12:30:08 PM; 29,074; 27,77
Jul 11 2025 12:30:09 PM; 29,045; 27,769
Jul 11 2025 12:30:10 PM; 29,118; 27,768
Jul 11 2025 12:30:11 PM; 29,224; 27,766
Jul 11 2025 12:30:12 PM; 29,289; 27,765
Jul 11 2025 12:30:13 PM; 29,323; 27,764
Jul 11 2025 12:30:14 PM; 29,319; 27,762
Jul 11 2025 12:30:15 PM; 29,323; 27,761
Jul 11 2025 12:30:16 PM; 29,346; 27,759
Jul 11 2025 12:30:17 PM; 29,35; 27,758
Jul 11 2025 12:30:18 PM; 29,234; 27,757
Jul 11 2025 12:30:19 PM; 29,285; 27,756
Jul 11 2025 12:30:20 PM; 29,289; 27,755
Jul 11 2025 12:30:21 PM; 29,222; 27,753
Jul 11 2025 12:30:22 PM; 29,245; 27,752
Jul 11 2025 12:30:23 PM; 29,291; 27,751
Jul 11 2025 12:30:24 PM; 29,248; 27,749
Jul 11 2025 12:30:25 PM; 29,243; 27,748
Jul 11 2025 12:30:26 PM; 29,28; 27,746
Jul 11 2025 12:30:27 PM; 29,214; 27,745