Time,SST (Â°C)
2025-06-29 06:44:00,22.603152022005276
2025-06-29 06:45:00,22.61201829176449
2025-06-29 06:46:00,22.650794232995036
2025-06-29 06:47:00,22.658622788108907
2025-06-29 06:48:00,22.64825215574074
2025-06-29 06:49:00,22.65771959534622
2025-06-29 06:50:00,22.646680096771167
2025-06-29 06:51:00,22.681401679406587
2025-06-29 06:52:00,22.76732097846086
2025-06-29 06:53:00,22.73753799530899
2025-06-29 06:54:00,22.765103448435646
2025-06-29 06:55:00,23.121438260212987
2025-06-29 06:56:00,23.100487629580197
2025-06-29 06:57:00,23.067779557724045
2025-06-29 06:58:00,26.289476935757428
2025-06-29 06:59:00,25.924618748752657
2025-06-29 07:00:00,23.28978243872986
2025-06-29 07:01:00,23.133740499980377
2025-06-29 07:02:00,23.107426073618623
2025-06-29 07:03:00,23.37432727224034
2025-06-29 07:04:00,24.052036107039747
2025-06-29 07:05:00,-23318.977785171497
2025-06-29 07:06:00,22.769246774920454
2025-06-29 07:07:00,23.266791017531933
2025-06-29 07:08:00,23.400808836368586
2025-06-29 07:09:00,23.024986962828994
2025-06-29 07:10:00,23.033254485323887
2025-06-29 07:11:00,22.98881814612849
2025-06-29 07:12:00,23.82895503961243
2025-06-29 07:13:00,23.52084717650213
2025-06-29 07:14:00,23.554659930041815
2025-06-29 07:15:00,23.563818495224996
2025-06-29 07:16:00,23.716408598997443
2025-06-29 07:17:00,24.620485728493716
2025-06-29 07:18:00,24.673467648222534
2025-06-29 07:19:00,24.571204970302848
2025-06-29 07:20:00,24.492582137127723
2025-06-29 07:21:00,24.64718377326276
2025-06-29 07:22:00,24.41198434534818
2025-06-29 07:23:00,24.436647417549032
2025-06-29 07:24:00,24.459744000834696
2025-06-29 07:25:00,24.59758223880124
2025-06-29 07:26:00,24.424112613960734
2025-06-29 07:27:00,24.48022819909317
2025-06-29 07:28:00,24.42737883300687
2025-06-29 07:29:00,24.356088591722695
2025-06-29 07:30:00,24.496730855156112
2025-06-29 07:31:00,24.45341913948112
2025-06-29 07:32:00,24.485953351935166
2025-06-29 07:33:00,24.438645922348712
2025-06-29 07:34:00,24.433080744254614
2025-06-29 07:35:00,24.45652201532149
2025-06-29 07:36:00,24.214678043382005
2025-06-29 07:37:00,24.124871819676645
2025-06-29 07:38:00,24.306393396704536
2025-06-29 07:39:00,24.082982458622784
2025-06-29 07:40:00,23.81916251963982
2025-06-29 07:41:00,24.17078821715692
2025-06-29 07:42:00,24.22320677986225
2025-06-29 07:43:00,24.175474252745705
2025-06-29 07:44:00,24.175766759227248
2025-06-29 07:45:00,24.20895139326762
2025-06-29 07:46:00,24.234822189919463
2025-06-29 07:47:00,24.16515533364574
2025-06-29 07:48:00,24.188213381045404
2025-06-29 07:49:00,24.10074860178718
2025-06-29 07:50:00,24.161403461492934
2025-06-29 07:51:00,24.088995093675262
2025-06-29 07:52:00,24.14812361910391
2025-06-29 07:53:00,24.130490373480665
2025-06-29 07:54:00,24.14766954332798
2025-06-29 07:55:00,24.126018955197143
2025-06-29 07:56:00,24.110454916677764
2025-06-29 07:57:00,24.13935642141233
2025-06-29 07:58:00,24.17890804966813
2025-06-29 07:59:00,24.114050191458855
2025-06-29 08:00:00,24.125522195494575
2025-06-29 08:01:00,24.128677337443253
2025-06-29 08:02:00,24.19280570306388
2025-06-29 08:03:00,24.14414313253273
2025-06-29 08:04:00,24.112764729551
2025-06-29 08:05:00,24.130603734060326
2025-06-29 08:06:00,24.1662252928744
2025-06-29 08:07:00,24.12503709529113
2025-06-29 08:08:00,24.13728331861285
2025-06-29 08:09:00,24.189871476511847
2025-06-29 08:10:00,24.18650565343349
2025-06-29 08:11:00,24.172458449718647
2025-06-29 08:12:00,24.173084525117247
2025-06-29 08:13:00,24.10919152536541
2025-06-29 08:14:00,24.143050200942263
2025-06-29 08:15:00,24.145469289909588
2025-06-29 08:16:00,24.10420536125669
2025-06-29 08:17:00,24.07447985881906
2025-06-29 08:18:00,24.047274515306828
2025-06-29 08:19:00,24.04957421967489
2025-06-29 08:20:00,24.08120635183085
2025-06-29 08:21:00,24.099067694661258
2025-06-29 08:22:00,24.083828953022337
2025-06-29 08:23:00,24.11586182796413
2025-06-29 08:24:00,24.047795899213043
2025-06-29 08:25:00,24.134559706539047
2025-06-29 08:26:00,24.090237062773976
2025-06-29 08:27:00,24.176157639463575
2025-06-29 08:28:00,24.191902803727988
2025-06-29 08:29:00,24.155734284955216
2025-06-29 08:30:00,24.075221956255238
2025-06-29 08:31:00,24.043515806465656
2025-06-29 08:32:00,24.07192645950016
2025-06-29 08:33:00,24.041210477981966
2025-06-29 08:34:00,24.058178178423795
2025-06-29 08:35:00,24.057903106818866
2025-06-29 08:36:00,24.068517896317726
2025-06-29 08:37:00,24.064051150665737
2025-06-29 08:38:00,24.05953843653085
2025-06-29 08:39:00,24.051816723766276
2025-06-29 08:40:00,24.072562761687987
2025-06-29 08:41:00,24.04185696948325
2025-06-29 08:42:00,24.039861080761447
2025-06-29 08:43:00,24.056977928193263
2025-06-29 08:44:00,23.907988282142444
2025-06-29 08:45:00,23.764202031679094
2025-06-29 08:46:00,23.783324073062136
2025-06-29 08:47:00,23.823530996244468
2025-06-29 08:48:00,23.73929344535354
2025-06-29 08:49:00,23.7261616212494
2025-06-29 08:50:00,23.643499524809393
2025-06-29 08:51:00,23.58050756292116
2025-06-29 08:52:00,23.535902396370467
2025-06-29 08:53:00,23.515702463198245
2025-06-29 08:54:00,23.55312540365256
2025-06-29 08:55:00,23.495027372162504
2025-06-29 08:56:00,23.535472308060783
2025-06-29 08:57:00,23.52516772212095
2025-06-29 08:58:00,23.57100694649513
2025-06-29 08:59:00,23.584466665335345
2025-06-29 09:00:00,23.677811248502938
2025-06-29 09:01:00,23.744860803157472
2025-06-29 09:02:00,23.666590713189184
2025-06-29 09:03:00,23.750056811038068
2025-06-29 09:04:00,23.75485636135232
2025-06-29 09:05:00,23.74619795650869
2025-06-29 09:06:00,23.73175354953899
2025-06-29 09:07:00,23.763006171807536
2025-06-29 09:08:00,23.77481217052253
2025-06-29 09:09:00,23.684990069418145
2025-06-29 09:10:00,23.750291617210404
2025-06-29 09:11:00,23.914732698356747
2025-06-29 09:12:00,24.61811234037531
2025-06-29 09:13:00,24.587839276707232
2025-06-29 09:14:00,24.511262787818637
2025-06-29 09:15:00,24.160277032601645
2025-06-29 09:16:00,24.113065119279266
2025-06-29 09:17:00,24.053757359846998
2025-06-29 09:18:00,24.120119505536763
2025-06-29 09:19:00,24.12544075531953
2025-06-29 09:20:00,24.15992810108331
2025-06-29 09:21:00,24.11659569291604
2025-06-29 09:22:00,24.233199819518457
2025-06-29 09:23:00,24.411756171328772
2025-06-29 09:24:00,24.385697029988123
2025-06-29 09:25:00,24.199374453325813
2025-06-29 09:26:00,24.13248481011192
2025-06-29 09:27:00,24.22222994967899
2025-06-29 09:28:00,24.201069584960965
2025-06-29 09:29:00,24.200775914446883
2025-06-29 09:30:00,24.063134319257074
2025-06-29 09:31:00,24.123621591325755
2025-06-29 09:32:00,24.108676217376694
2025-06-29 09:33:00,24.20203853984891
2025-06-29 09:34:00,24.22645520533119
2025-06-29 09:35:00,24.172240596418487
2025-06-29 09:36:00,24.136241070910202
2025-06-29 09:37:00,24.211908548370094
2025-06-29 09:38:00,24.13344991664024
2025-06-29 09:39:00,24.135848122320812
2025-06-29 09:40:00,24.16636875746649
2025-06-29 09:41:00,24.15053664620068
2025-06-29 09:42:00,24.172718057607124
2025-06-29 09:43:00,24.199185355310995
2025-06-29 09:44:00,24.117344940091137
2025-06-29 09:45:00,24.154471933354436
2025-06-29 09:46:00,24.133110993067067
2025-06-29 09:47:00,24.095136967955543
2025-06-29 09:48:00,24.139862160899423
2025-06-29 09:49:00,24.1631072105835
2025-06-29 09:50:00,24.105351687206262
2025-06-29 09:51:00,24.120465482742862
2025-06-29 09:52:00,24.06521546151983
2025-06-29 09:53:00,24.08733750297997
2025-06-29 09:54:00,24.08727939245116
2025-06-29 09:55:00,24.122611314252154
2025-06-29 09:56:00,24.089881824322664
2025-06-29 09:57:00,24.073481685192764
2025-06-29 09:58:00,24.087154910728586
2025-06-29 09:59:00,24.09860149644777
2025-06-29 10:00:00,24.086046136637346
2025-06-29 10:01:00,24.059114061071742
2025-06-29 10:02:00,24.095084889526195
2025-06-29 10:03:00,24.137728342335055
2025-06-29 10:04:00,24.081936175491954
2025-06-29 10:05:00,24.059053418565284
2025-06-29 10:06:00,24.070421630107752
2025-06-29 10:07:00,24.097829345877166
2025-06-29 10:08:00,24.06459959603072
2025-06-29 10:09:00,24.079858041749812
2025-06-29 10:10:00,24.13070817677826
2025-06-29 10:11:00,24.1021537840197
2025-06-29 10:12:00,24.175324981134548
2025-06-29 10:13:00,24.09733717843649
2025-06-29 10:14:00,24.09100466123831
2025-06-29 10:15:00,24.05440088239707
2025-06-29 10:16:00,24.111556934248743
2025-06-29 10:17:00,24.15968819559847
2025-06-29 10:18:00,24.13355038991193
2025-06-29 10:19:00,24.159819406128122
2025-06-29 10:20:00,24.112312924105005
2025-06-29 10:21:00,24.06771066143348
2025-06-29 10:22:00,24.117303046577472
2025-06-29 10:23:00,24.080521696924666
2025-06-29 10:24:00,24.131097506479044
2025-06-29 10:25:00,24.12831171495783
2025-06-29 10:26:00,24.164697424630365
2025-06-29 10:27:00,24.139239041803272
2025-06-29 10:28:00,24.103359913467063
2025-06-29 10:29:00,24.18312200662602
2025-06-29 10:30:00,24.162541889326317
2025-06-29 10:31:00,24.19124347924504
2025-06-29 10:32:00,24.165196239134808
2025-06-29 10:33:00,24.157700175567776
2025-06-29 10:34:00,24.083834353797002
2025-06-29 10:35:00,24.09582643394631
2025-06-29 10:36:00,24.08634615177085
2025-06-29 10:37:00,24.096083500513814
2025-06-29 10:38:00,24.115660522682692
2025-06-29 10:39:00,24.126615587893152
2025-06-29 10:40:00,24.14512687135994
2025-06-29 10:41:00,24.21510178741467
2025-06-29 10:42:00,24.14135445133203
2025-06-29 10:43:00,24.129971789447417
2025-06-29 10:44:00,24.1817201766479
2025-06-29 10:45:00,24.21271401857489
2025-06-29 10:46:00,24.12518499778114
2025-06-29 10:47:00,24.131995001622148
2025-06-29 10:48:00,24.116502291465704
2025-06-29 10:49:00,24.141363253156474
2025-06-29 10:50:00,24.16390171148705
2025-06-29 10:51:00,24.107763606997892
2025-06-29 10:52:00,24.20482797073282
2025-06-29 10:53:00,24.153553016339355
2025-06-29 10:54:00,24.15871287864446
2025-06-29 10:55:00,24.183485742134902
2025-06-29 10:56:00,24.199450174849197
2025-06-29 10:57:00,24.201559082954475
2025-06-29 10:58:00,24.21356079307925
2025-06-29 10:59:00,24.250032826497304
2025-06-29 11:00:00,24.1588685147496
2025-06-29 11:01:00,24.14705149537577
2025-06-29 11:02:00,24.121547891071323
2025-06-29 11:03:00,24.118434238898065
2025-06-29 11:04:00,24.138040412336053
2025-06-29 11:05:00,24.17646813075819
2025-06-29 11:06:00,24.154374770952685
2025-06-29 11:07:00,24.199601001850866
2025-06-29 11:08:00,24.12638181850934
2025-06-29 11:09:00,24.141462591357993
2025-06-29 11:10:00,24.142157053554847
2025-06-29 11:11:00,24.119778804660136
2025-06-29 11:12:00,24.141599730096296
2025-06-29 11:13:00,24.153615389773993
2025-06-29 11:14:00,24.198948977449064
2025-06-29 11:15:00,24.11706776246944
2025-06-29 11:16:00,24.13990806561717
2025-06-29 11:17:00,24.1474261738784
2025-06-29 11:18:00,24.22893076233701
2025-06-29 11:19:00,24.18324787034962
2025-06-29 11:20:00,24.157658241142897
2025-06-29 11:21:00,24.19318018552459
2025-06-29 11:22:00,24.229630203280067
2025-06-29 11:23:00,24.177673477356514
2025-06-29 11:24:00,24.160034833808357
2025-06-29 11:25:00,24.121565439955848
2025-06-29 11:26:00,24.177053325693826
2025-06-29 11:27:00,24.16309854642199
2025-06-29 11:28:00,24.170377735362777
2025-06-29 11:29:00,24.250444856578312
2025-06-29 11:30:00,24.19155601606253
2025-06-29 11:31:00,24.190187331796704
2025-06-29 11:32:00,24.188963908472072
2025-06-29 11:33:00,24.195027488864188
2025-06-29 11:34:00,24.417359775729846
2025-06-29 11:35:00,24.4211027168851
2025-06-29 11:36:00,24.130735324225224
2025-06-29 11:37:00,24.08480158041925
2025-06-29 11:38:00,24.118444514531706
2025-06-29 11:39:00,24.139124561961726
2025-06-29 11:40:00,24.110286217009122
2025-06-29 11:41:00,24.144916178143365
2025-06-29 11:42:00,24.163624161493825
2025-06-29 11:43:00,24.13358990927303
2025-06-29 11:44:00,24.16149854035951
2025-06-29 11:45:00,24.198160474380202
2025-06-29 11:46:00,24.18331116909873
2025-06-29 11:47:00,24.2074033616331
2025-06-29 11:48:00,24.189316482443115
2025-06-29 11:49:00,24.188363270231683
2025-06-29 11:50:00,24.17330798779816
2025-06-29 11:51:00,24.159919964368846
2025-06-29 11:52:00,24.184082989481674
2025-06-29 11:53:00,24.17141907866709
2025-06-29 11:54:00,24.150238493026045
2025-06-29 11:55:00,24.162726300487563
2025-06-29 11:56:00,24.176923049900104
2025-06-29 11:57:00,24.139980510349446
2025-06-29 11:58:00,24.17901899594676
2025-06-29 11:59:00,24.186610207440026
2025-06-29 12:00:00,24.22009804374744
2025-06-29 12:01:00,24.214666399877782
2025-06-29 12:02:00,24.20399331081435
2025-06-29 12:03:00,24.186616045522122
2025-06-29 12:04:00,24.186416769849128
2025-06-29 12:05:00,24.24675876376665
2025-06-29 12:06:00,24.25217710668052
2025-06-29 12:07:00,24.238820355821748
2025-06-29 12:08:00,24.181164421991618
2025-06-29 12:09:00,24.201358837234206
2025-06-29 12:10:00,24.17763191998109
2025-06-29 12:11:00,24.17769972150113
2025-06-29 12:12:00,24.212033893617892
2025-06-29 12:13:00,24.198284836828396
2025-06-29 12:14:00,24.18341989740498
2025-06-29 12:15:00,24.19097081253482
2025-06-29 12:16:00,24.25372336421879
2025-06-29 12:17:00,24.14279127013338
2025-06-29 12:18:00,24.20636301656017
2025-06-29 12:19:00,24.195395718406036
2025-06-29 12:20:00,24.160217908103157
2025-06-29 12:21:00,24.15419714546439
2025-06-29 12:22:00,24.176381542507542
2025-06-29 12:23:00,24.182991094846123
2025-06-29 12:24:00,24.216095645773486
2025-06-29 12:25:00,24.176613084698978
2025-06-29 12:26:00,24.15638631005493
2025-06-29 12:27:00,24.17210670540253
2025-06-29 12:28:00,24.161112297450767
2025-06-29 12:29:00,24.169180912470733
2025-06-29 12:30:00,24.20018176826542
2025-06-29 12:31:00,24.271307126938517
2025-06-29 12:32:00,24.21854882212639
2025-06-29 12:33:00,24.22864642734436
2025-06-29 12:34:00,24.203737150213517
2025-06-29 12:35:00,24.2301017913898
2025-06-29 12:36:00,24.244640565810233
2025-06-29 12:37:00,24.206804680381648
2025-06-29 12:38:00,24.193168080999566
2025-06-29 12:39:00,24.23497181661849
2025-06-29 12:40:00,24.190851968253778
2025-06-29 12:41:00,24.172659017867307
2025-06-29 12:42:00,24.21480607340002
2025-06-29 12:43:00,24.232445543353727
2025-06-29 12:44:00,24.230638309127023
2025-06-29 12:45:00,24.23699710778686
2025-06-29 12:46:00,24.21234930474019
2025-06-29 12:47:00,24.167874673053902
2025-06-29 12:48:00,24.178663697951173
2025-06-29 12:49:00,24.2157587361295
2025-06-29 12:50:00,24.220088664262914
2025-06-29 12:51:00,24.173858135171898
2025-06-29 12:52:00,24.198336331093852
2025-06-29 12:53:00,24.228607608481283
2025-06-29 12:54:00,24.226449308610988
2025-06-29 12:55:00,24.225455249035598
2025-06-29 12:56:00,24.228184982301688
2025-06-29 12:57:00,24.163593230533884
2025-06-29 12:58:00,24.23699231501648
2025-06-29 12:59:00,24.1615494057213
2025-06-29 13:00:00,24.205956861456617
2025-06-29 13:01:00,24.208315010006352
2025-06-29 13:02:00,24.203480864141525
2025-06-29 13:03:00,24.247224497282332
2025-06-29 13:04:00,24.199994350129746
2025-06-29 13:05:00,24.198688553458314
2025-06-29 13:06:00,24.245439208863164
2025-06-29 13:07:00,24.212220059261238
2025-06-29 13:08:00,24.306508275643143
2025-06-29 13:09:00,24.62002746799406
2025-06-29 13:10:00,31.768732734342294
2025-06-29 13:11:00,30.895678083998373
2025-06-29 13:12:00,28.7216424504723
2025-06-29 13:13:00,27.49974290163186
2025-06-29 13:14:00,24.001306540133
2025-06-29 13:15:00,24.193569949465545
2025-06-29 13:16:00,24.129357134799836
2025-06-29 13:17:00,24.275606106864142
2025-06-29 13:18:00,24.204706233930608
2025-06-29 13:19:00,24.11656921106829
2025-06-29 13:20:00,24.21918389489808
2025-06-29 13:21:00,24.278578254769105
2025-06-29 13:22:00,24.28463841922057
2025-06-29 13:23:00,24.250124732833765
2025-06-29 13:24:00,24.276408410235625
2025-06-29 13:25:00,24.262578518007466
2025-06-29 13:26:00,24.353009601518398
2025-06-29 13:27:00,24.295063141781498
2025-06-29 13:28:00,24.326077400834823
2025-06-29 13:29:00,24.305944593924412
2025-06-29 13:30:00,24.274200840906694
2025-06-29 13:31:00,24.180812252500594
2025-06-29 13:32:00,24.189877540967835
2025-06-29 13:33:00,24.2687497655559
2025-06-29 13:34:00,24.255362941544043
2025-06-29 13:35:00,24.304705719324993
2025-06-29 13:36:00,24.24575136572308
2025-06-29 13:37:00,24.068795090648383
2025-06-29 13:38:00,24.14590827215981
2025-06-29 13:39:00,24.21479218493702
2025-06-29 13:40:00,24.202888880028617
2025-06-29 13:41:00,24.230908598159328
2025-06-29 13:42:00,24.173619831643688
2025-06-29 13:43:00,24.220732292517187
2025-06-29 13:44:00,24.24626687153673
2025-06-29 13:45:00,24.215261347249633
2025-06-29 13:46:00,24.213338951182013
2025-06-29 13:47:00,24.209153219610496
2025-06-29 13:48:00,24.20128557538128
2025-06-29 13:49:00,24.201454295923114
2025-06-29 13:50:00,24.25244349733607
2025-06-29 13:51:00,24.229110913106695
2025-06-29 13:52:00,24.250116809089352
2025-06-29 13:53:00,24.261752064427885
2025-06-29 13:54:00,24.253460455674347
2025-06-29 13:55:00,24.260186744379006
2025-06-29 13:56:00,24.23231315547728
2025-06-29 13:57:00,24.27351918182626
2025-06-29 13:58:00,24.248850677713257
2025-06-29 13:59:00,24.2263021479191
2025-06-29 14:00:00,24.204895756614388
2025-06-29 14:01:00,24.18836002650739
2025-06-29 14:02:00,24.180903278114208
2025-06-29 14:03:00,24.230734951204756
2025-06-29 14:04:00,24.2203893253084
2025-06-29 14:05:00,24.177109617905657
2025-06-29 14:06:00,24.207982389990548
2025-06-29 14:07:00,24.214350629112566
2025-06-29 14:08:00,24.200308749352466
2025-06-29 14:09:00,24.296713874374202
2025-06-29 14:10:00,24.28631968815499
2025-06-29 14:11:00,24.2642383030245
2025-06-29 14:12:00,24.21733699733569
2025-06-29 14:13:00,25.676083979708974
2025-06-29 14:14:00,24.34552436309209
2025-06-29 14:15:00,24.18639578815568
2025-06-29 14:16:00,24.194124773027912
2025-06-29 14:17:00,24.22503131909171
2025-06-29 14:18:00,24.202092339969205
2025-06-29 14:19:00,24.243366284145644
2025-06-29 14:20:00,24.202627443779548
2025-06-29 14:21:00,24.21924284458729
2025-06-29 14:22:00,24.21525403650758
2025-06-29 14:23:00,24.247929254214043
2025-06-29 14:24:00,24.309514690436455
2025-06-29 14:25:00,24.25492242219798
2025-06-29 14:26:00,24.214672567611576
2025-06-29 14:27:00,24.239019069622984
2025-06-29 14:28:00,24.188324540601553
2025-06-29 14:29:00,24.21705918946024
2025-06-29 14:30:00,24.209290998249834
2025-06-29 14:31:00,24.377643071943353
2025-06-29 14:32:00,25.388695757457427
2025-06-29 14:33:00,28.10831708206847
2025-06-29 14:34:00,28.50309843290183
2025-06-29 14:35:00,26.001466607874796
2025-06-29 14:36:00,24.18228211834283
2025-06-29 14:37:00,24.17825860885164
2025-06-29 14:38:00,24.23157796386835
2025-06-29 14:39:00,24.24600483831228
2025-06-29 14:40:00,24.276616782099328
2025-06-29 14:41:00,24.234048020010643
2025-06-29 14:42:00,24.244154850148153
2025-06-29 14:43:00,24.235099279610033
2025-06-29 14:44:00,24.268318900000548
2025-06-29 14:45:00,24.280996061547693
2025-06-29 14:46:00,24.267539877845632
2025-06-29 14:47:00,24.297819493015883
2025-06-29 14:48:00,24.2575176835481
2025-06-29 14:49:00,24.288824131465063
2025-06-29 14:50:00,24.236433876171116
2025-06-29 14:51:00,24.280426546875507
2025-06-29 14:52:00,24.28242618821656
2025-06-29 14:53:00,24.25986245991225
2025-06-29 14:54:00,24.303069246527027
2025-06-29 14:55:00,24.333328983557372
2025-06-29 14:56:00,24.293106955944726
2025-06-29 14:57:00,24.307772457548186
2025-06-29 14:58:00,24.373883593419613
2025-06-29 14:59:00,24.323158941941962
2025-06-29 15:00:00,24.238501041603307
2025-06-29 15:01:00,24.24526587569233
2025-06-29 15:02:00,24.26339661006871
2025-06-29 15:03:00,24.261868232687952
2025-06-29 15:04:00,24.294581537799733
2025-06-29 15:05:00,24.33218112275696
2025-06-29 15:06:00,24.257123904715264
2025-06-29 15:07:00,24.28562472522545
2025-06-29 15:08:00,24.31147271864439
2025-06-29 15:09:00,24.306777103150655
2025-06-29 15:10:00,24.35913876428167
2025-06-29 15:11:00,24.318724329252703
2025-06-29 15:12:00,24.361194526585713
2025-06-29 15:13:00,24.31212409104913
2025-06-29 15:14:00,24.37765049066783
2025-06-29 15:15:00,24.37029034821397
2025-06-29 15:16:00,24.386342925842502
2025-06-29 15:17:00,24.380191737574627
2025-06-29 15:18:00,24.333171295487166
2025-06-29 15:19:00,24.359090458405255
2025-06-29 15:20:00,24.393133783065743
2025-06-29 15:21:00,24.327660361275168
2025-06-29 15:22:00,24.394237156075146
2025-06-29 15:23:00,24.381527283963987
2025-06-29 15:24:00,24.400060541703333
2025-06-29 15:25:00,24.385897556867192
2025-06-29 15:26:00,24.39042795879633
2025-06-29 15:27:00,24.40181475040631
2025-06-29 15:28:00,24.366917441749372
2025-06-29 15:29:00,24.36384710578047
2025-06-29 15:30:00,24.361918397221803
2025-06-29 15:31:00,24.331252198030047
2025-06-29 15:32:00,24.33953851319853
2025-06-29 15:33:00,24.346002289237962
2025-06-29 15:34:00,24.395175518643864
2025-06-29 15:35:00,24.363625709545904
2025-06-29 15:36:00,24.291047281264476
2025-06-29 15:37:00,24.35636386650971
2025-06-29 15:38:00,24.31933884387198
2025-06-29 15:39:00,24.362934303569393
2025-06-29 15:40:00,24.348307319504034
2025-06-29 15:41:00,24.33238073344204
2025-06-29 15:42:00,24.4080653869488
2025-06-29 15:43:00,24.31809771399501
2025-06-29 15:44:00,24.39631584372838
2025-06-29 15:45:00,24.40865023572753
2025-06-29 15:46:00,24.318425201477414
2025-06-29 15:47:00,24.381934777602265
2025-06-29 15:48:00,24.326205321154738
2025-06-29 15:49:00,24.34934660436563
2025-06-29 15:50:00,24.30895233515783
2025-06-29 15:51:00,24.317737903336795
2025-06-29 15:52:00,24.336913250526624
2025-06-29 15:53:00,24.30123094104643
2025-06-29 15:54:00,24.328193760413896
2025-06-29 15:55:00,24.302529571361678
2025-06-29 15:56:00,24.32430095928226
2025-06-29 15:57:00,24.43177210636405
2025-06-29 15:58:00,24.32421996440583
2025-06-29 15:59:00,24.382333154394246
2025-06-29 16:00:00,24.458176012843584
2025-06-29 16:01:00,24.455237546168426
2025-06-29 16:02:00,24.341292951930214
2025-06-29 16:03:00,24.332959216291897
2025-06-29 16:04:00,24.305719594082365
2025-06-29 16:05:00,24.362750390374437
2025-06-29 16:06:00,24.334399510019498
2025-06-29 16:07:00,24.40369117981372
2025-06-29 16:08:00,24.38496338688428
2025-06-29 16:09:00,24.39229247691684
2025-06-29 16:10:00,24.36855212786544
2025-06-29 16:11:00,24.382971152830933
2025-06-29 16:12:00,24.405212061581302
2025-06-29 16:13:00,24.330258547626354
2025-06-29 16:14:00,24.323291554882772
2025-06-29 16:15:00,24.41174365332913
2025-06-29 16:16:00,24.35776089210125
2025-06-29 16:17:00,24.378926032285115
2025-06-29 16:18:00,24.363528234156313
2025-06-29 16:19:00,24.339822152720764
2025-06-29 16:20:00,24.27634851412155
2025-06-29 16:21:00,24.373242877003356
2025-06-29 16:22:00,24.28287636961602
2025-06-29 16:23:00,24.279535304731255
2025-06-29 16:24:00,24.278733872216836
2025-06-29 16:25:00,24.347841403059984
2025-06-29 16:26:00,24.42853991091486
2025-06-29 16:27:00,24.375582421691533
2025-06-29 16:28:00,24.42293773199915
2025-06-29 16:29:00,24.353962742205827
2025-06-29 16:30:00,24.314191442500647
2025-06-29 16:31:00,24.346923542921573
2025-06-29 16:32:00,24.309391569807584
2025-06-29 16:33:00,24.328048776239765
2025-06-29 16:34:00,24.362980886953313
2025-06-29 16:35:00,24.330430162253986
2025-06-29 16:36:00,24.356360202377413
2025-06-29 16:37:00,24.27181880420296
2025-06-29 16:38:00,24.287213207174727
2025-06-29 16:39:00,24.309056402695425
2025-06-29 16:40:00,24.30195551097801
2025-06-29 16:41:00,24.26409212727261
2025-06-29 16:42:00,24.254768871948766
2025-06-29 16:43:00,24.327327812457472
2025-06-29 16:44:00,24.30259553714946
2025-06-29 16:45:00,24.26716055388997
2025-06-29 16:46:00,24.30281225455574
2025-06-29 16:47:00,24.308021992201823
2025-06-29 16:48:00,24.293063545469824
2025-06-29 16:49:00,24.30485585570094
2025-06-29 16:50:00,24.30995545440634
2025-06-29 16:51:00,24.347279073997832
2025-06-29 16:52:00,24.27308553586484
2025-06-29 16:53:00,24.28246793509097
2025-06-29 16:54:00,24.291110221525955
2025-06-29 16:55:00,24.29389826402427
2025-06-29 16:56:00,24.307142706660166
2025-06-29 16:57:00,24.357713637145306
2025-06-29 16:58:00,24.296545304352357
2025-06-29 16:59:00,24.370209363690147
2025-06-29 17:00:00,24.31641163287428
2025-06-29 17:01:00,24.329080965127993
2025-06-29 17:02:00,24.32501978854069
2025-06-29 17:03:00,24.36526053009129
2025-06-29 17:04:00,24.34956505573709
2025-06-29 17:05:00,24.31268763973908
2025-06-29 17:06:00,24.354807731065957
2025-06-29 17:07:00,24.342903681788194
2025-06-29 17:08:00,24.39029681934886
2025-06-29 17:09:00,24.358191764378613
2025-06-29 17:10:00,24.355185747759926
2025-06-29 17:11:00,24.33009339990484
2025-06-29 17:12:00,24.257779849641498
2025-06-29 17:13:00,24.31177228521172
2025-06-29 17:14:00,24.37468936646694
2025-06-29 17:15:00,24.30642629143831
2025-06-29 17:16:00,24.367304411187764
2025-06-29 17:17:00,24.358176806433654
2025-06-29 17:18:00,24.35551877236277
2025-06-29 17:19:00,24.326616765762353
2025-06-29 17:20:00,24.35481099522501
2025-06-29 17:21:00,24.34368401369766
2025-06-29 17:22:00,24.342489318333264
2025-06-29 17:23:00,24.32016581030377
2025-06-29 17:24:00,24.372121602800174
2025-06-29 17:25:00,24.371097263755367
2025-06-29 17:26:00,24.316247043305296
2025-06-29 17:27:00,24.366779721578464
2025-06-29 17:28:00,24.328591007399112
2025-06-29 17:29:00,24.327406534335083
2025-06-29 17:30:00,24.333913328402954
2025-06-29 17:31:00,24.336538300839724
2025-06-29 17:32:00,24.41783410141308
2025-06-29 17:33:00,24.31138750930135
2025-06-29 17:34:00,24.335623557442773
2025-06-29 17:35:00,24.337641742482496
2025-06-29 17:36:00,24.336182746605648
2025-06-29 17:37:00,24.37061605227863
2025-06-29 17:38:00,24.328852895086545
2025-06-29 17:39:00,24.36290922471467
2025-06-29 17:40:00,24.38084414234858
2025-06-29 17:41:00,24.291299588460923
2025-06-29 17:42:00,24.34969519585868
2025-06-29 17:43:00,24.3532100442326
2025-06-29 17:44:00,24.319782255109164
2025-06-29 17:45:00,24.292387638100273
2025-06-29 17:46:00,24.35317763543534
2025-06-29 17:47:00,24.420632681837567
2025-06-29 17:48:00,24.32265641038288
2025-06-29 17:49:00,24.337699039024976
2025-06-29 17:50:00,24.36731400851257
2025-06-29 17:51:00,24.359657454390973
2025-06-29 17:52:00,24.32705451294729
2025-06-29 17:53:00,24.367715273984906
2025-06-29 17:54:00,24.37255266738108
2025-06-29 17:55:00,24.35650775737412
2025-06-29 17:56:00,24.319235460023002
2025-06-29 17:57:00,24.337393012448015
2025-06-29 17:58:00,24.3515612048115
2025-06-29 17:59:00,24.382462101655495
2025-06-29 18:00:00,24.25726726834338
2025-06-29 18:01:00,24.364325052913774
2025-06-29 18:02:00,24.29715832741972
2025-06-29 18:03:00,24.301647084037462
2025-06-29 18:04:00,24.355989478750985
2025-06-29 18:05:00,24.297875478432747
2025-06-29 18:06:00,24.338386235768162
2025-06-29 18:07:00,24.342596213216417
2025-06-29 18:08:00,24.326195631573857
2025-06-29 18:09:00,24.303444729146324
2025-06-29 18:10:00,24.28118665607894
2025-06-29 18:11:00,24.31247522845895
2025-06-29 18:12:00,24.28496613672028
2025-06-29 18:13:00,24.315421022647815
2025-06-29 18:14:00,24.285196938735517
2025-06-29 18:15:00,24.319599838368507
2025-06-29 18:16:00,24.301206584163864
2025-06-29 18:17:00,24.30779075192919
2025-06-29 18:18:00,24.310603034635967
2025-06-29 18:19:00,24.314911363832373
2025-06-29 18:20:00,24.328766663009723
2025-06-29 18:21:00,24.28174025923647
2025-06-29 18:22:00,24.27762142889179
2025-06-29 18:23:00,24.294633664396635
2025-06-29 18:24:00,24.29374555808738
2025-06-29 18:25:00,24.306534577727646
2025-06-29 18:26:00,24.35689067167037
2025-06-29 18:27:00,24.333119023126667
2025-06-29 18:28:00,24.257696643104584
2025-06-29 18:29:00,24.293452216696192
2025-06-29 18:30:00,24.281953268465106
2025-06-29 18:31:00,24.327465138325252
2025-06-29 18:32:00,24.339763885837648
2025-06-29 18:33:00,24.249362979354274
2025-06-29 18:34:00,24.25848261269974
2025-06-29 18:35:00,24.271195837296183
2025-06-29 18:36:00,24.238726365623112
2025-06-29 18:37:00,24.260602156641085
2025-06-29 18:38:00,25.012867081081364
2025-06-29 18:39:00,24.77955120209778
2025-06-29 18:40:00,27.37944247568937
2025-06-29 18:41:00,27.400406112342253
2025-06-29 18:42:00,26.786037838255044
2025-06-29 18:43:00,26.203863772791014
2025-06-29 18:44:00,26.68382005650109
2025-06-29 18:45:00,26.500256651733274
2025-06-29 18:46:00,26.38538388700068
2025-06-29 18:47:00,25.189827848914295
2025-06-29 18:48:00,24.30600764600421
2025-06-29 18:49:00,24.322803304934748
2025-06-29 18:50:00,24.343909497896984
2025-06-29 18:51:00,24.364421188254024
2025-06-29 18:52:00,24.32695122471367
2025-06-29 18:53:00,24.280412735173325
2025-06-29 18:54:00,24.291148069009353
2025-06-29 18:55:00,24.30519346659109
2025-06-29 18:56:00,24.309256886807482
2025-06-29 18:57:00,24.32996918303128
2025-06-29 18:58:00,24.304479295923887
2025-06-29 18:59:00,24.367090465007383
2025-06-29 19:00:00,24.348946892544117
2025-06-29 19:01:00,24.32891977846078
2025-06-29 19:02:00,24.36329312600967
2025-06-29 19:03:00,24.338194883452296
2025-06-29 19:04:00,24.390924709749687
2025-06-29 19:05:00,24.35500103697105
2025-06-29 19:06:00,24.28138533640464
2025-06-29 19:07:00,24.342248416974407
2025-06-29 19:08:00,24.328972034025004
2025-06-29 19:09:00,24.380961233138986
2025-06-29 19:10:00,24.358191157197847
2025-06-29 19:11:00,24.28858255547171
2025-06-29 19:12:00,24.3214080643667
2025-06-29 19:13:00,24.34446935026661
2025-06-29 19:14:00,24.333827931481665
2025-06-29 19:15:00,24.277853791433312
2025-06-29 19:16:00,24.277233110545776
2025-06-29 19:17:00,24.272365274251417
2025-06-29 19:18:00,24.328898851767637
2025-06-29 19:19:00,24.302022762304762
2025-06-29 19:20:00,24.279729652184923
2025-06-29 19:21:00,24.33534153211114
2025-06-29 19:22:00,24.283138580218537
2025-06-29 19:23:00,24.296508736657472
2025-06-29 19:24:00,24.243610107204983
2025-06-29 19:25:00,24.29620891017834
2025-06-29 19:26:00,24.296711298974042
2025-06-29 19:27:00,24.322748325288234
2025-06-29 19:28:00,24.42428451604584
2025-06-29 19:29:00,24.35599317386726
2025-06-29 19:30:00,24.32988562976187
2025-06-29 19:31:00,24.258793769412048
2025-06-29 19:32:00,24.155360004995877
2025-06-29 19:33:00,24.264602901552635
2025-06-29 19:34:00,24.187590682513175
2025-06-29 19:35:00,24.204080613999526
2025-06-29 19:36:00,24.221509387268995
2025-06-29 19:37:00,24.310592439042647
2025-06-29 19:38:00,24.343368338109634
2025-06-29 19:39:00,24.329729397272537
2025-06-29 19:40:00,24.208421282581465
2025-06-29 19:41:00,24.242154173554848
2025-06-29 19:42:00,24.330970592789495
2025-06-29 19:43:00,24.378738941015104
2025-06-29 19:44:00,24.369467654391382
2025-06-29 19:45:00,24.31050594266227
2025-06-29 19:46:00,24.295210509671083
2025-06-29 19:47:00,24.34497422328976
2025-06-29 19:48:00,24.37965118236297
2025-06-29 19:49:00,24.383344889109328
2025-06-29 19:50:00,24.311998352152628
2025-06-29 19:51:00,24.258347584027252
2025-06-29 19:52:00,24.26102068302596
2025-06-29 19:53:00,24.26302361694021
2025-06-29 19:54:00,24.283095973165313
2025-06-29 19:55:00,24.26552845257742
2025-06-29 19:56:00,24.206664339820197
2025-06-29 19:57:00,24.255850337651886
2025-06-29 19:58:00,24.294832583084727
2025-06-29 19:59:00,24.332956973863382
2025-06-29 20:00:00,24.28612377357798
2025-06-29 20:01:00,24.25239597278122
2025-06-29 20:02:00,24.223575303251472
2025-06-29 20:03:00,24.309973086049574
2025-06-29 20:04:00,24.258565830502498
2025-06-29 20:05:00,24.25705839740437
2025-06-29 20:06:00,24.29959640893734
2025-06-29 20:07:00,24.277187549200047
2025-06-29 20:08:00,24.253189619240985
2025-06-29 20:09:00,24.299656784536946
2025-06-29 20:10:00,24.295228482295684
2025-06-29 20:11:00,24.24473736788997
2025-06-29 20:12:00,24.226776744754154
2025-06-29 20:13:00,24.259500867101487
2025-06-29 20:14:00,24.26159780499893
2025-06-29 20:15:00,24.260273341660977
2025-06-29 20:16:00,24.28649463987136
2025-06-29 20:17:00,24.26858158622775
2025-06-29 20:18:00,24.22207815063782
2025-06-29 20:19:00,24.27566861931665
2025-06-29 20:20:00,24.247980196862144
2025-06-29 20:21:00,24.299053360747795
2025-06-29 20:22:00,24.316959406854213
2025-06-29 20:23:00,24.25006362960556
2025-06-29 20:24:00,24.2073022116263
2025-06-29 20:25:00,24.21138646266758
2025-06-29 20:26:00,24.342074583227333
2025-06-29 20:27:00,24.27598237730772
2025-06-29 20:28:00,24.29918882673512
2025-06-29 20:29:00,24.249355588185985
2025-06-29 20:30:00,24.314602775702877
2025-06-29 20:31:00,24.307380489977657
2025-06-29 20:32:00,24.293122946100702
2025-06-29 20:33:00,24.21928856162896
2025-06-29 20:34:00,24.233435561905836
2025-06-29 20:35:00,24.263534829293537
2025-06-29 20:36:00,24.25697495327693
2025-06-29 20:37:00,24.26319997519773
2025-06-29 20:38:00,24.251887672075224
2025-06-29 20:39:00,24.279238481943135
2025-06-29 20:40:00,24.29126299462063
2025-06-29 20:41:00,24.23266780595446
2025-06-29 20:42:00,24.2654045234956
2025-06-29 20:43:00,24.269828762420197
2025-06-29 20:44:00,24.28322684721871
2025-06-29 20:45:00,24.32508799318143
2025-06-29 20:46:00,24.234282361194143
2025-06-29 20:47:00,24.270932831113647
2025-06-29 20:48:00,24.29920210572375
2025-06-29 20:49:00,24.291608935290974
2025-06-29 20:50:00,24.29573915348897
2025-06-29 20:51:00,24.277628200750133
2025-06-29 20:52:00,24.268180765133895
2025-06-29 20:53:00,24.302828424761298
2025-06-29 20:54:00,24.264987875492654
2025-06-29 20:55:00,24.27465518382997
2025-06-29 20:56:00,24.264119016629433
2025-06-29 20:57:00,24.24584968700072
2025-06-29 20:58:00,24.27668834737567
2025-06-29 20:59:00,24.290721875483747
2025-06-29 21:00:00,24.291390187984135
2025-06-29 21:01:00,24.317885621751167
2025-06-29 21:02:00,24.2450690904735
2025-06-29 21:03:00,24.29395200038673
2025-06-29 21:04:00,24.240914243474897
2025-06-29 21:05:00,24.287514039599625
2025-06-29 21:06:00,24.27922039700811
2025-06-29 21:07:00,24.260535019360102
2025-06-29 21:08:00,24.243196903516573
2025-06-29 21:09:00,24.25932353063812
2025-06-29 21:10:00,24.273490087739486
2025-06-29 21:11:00,24.279357713348556
2025-06-29 21:12:00,24.259272987049894
2025-06-29 21:13:00,24.277339120280597
2025-06-29 21:14:00,24.2040774501406
2025-06-29 21:15:00,24.235303759132456
2025-06-29 21:16:00,24.29647692442019
2025-06-29 21:17:00,24.264802251727257
2025-06-29 21:18:00,24.279868712432343
2025-06-29 21:19:00,24.265667730574332
2025-06-29 21:20:00,24.25626372374733
2025-06-29 21:21:00,24.267488308251146
2025-06-29 21:22:00,24.28849006264214
2025-06-29 21:23:00,24.28702875789568
2025-06-29 21:24:00,24.2398766933556
2025-06-29 21:25:00,24.311610972488605
2025-06-29 21:26:00,24.33147387962277
2025-06-29 21:27:00,24.355682994142978
2025-06-29 21:28:00,24.29838325297429
2025-06-29 21:29:00,24.272658123361808
2025-06-29 21:30:00,24.24842340653586
2025-06-29 21:31:00,24.30811862413065
2025-06-29 21:32:00,24.301020753317108
2025-06-29 21:33:00,24.309714894289424
2025-06-29 21:34:00,24.29358777591665
2025-06-29 21:35:00,24.303537127460576
2025-06-29 21:36:00,24.322728651595632
2025-06-29 21:37:00,24.258903396339562
2025-06-29 21:38:00,24.305694878765017
2025-06-29 21:39:00,24.294657557842108
2025-06-29 21:40:00,24.30666690460373
2025-06-29 21:41:00,24.339004965000502
2025-06-29 21:42:00,24.347051327436272
2025-06-29 21:43:00,24.31116375728471
2025-06-29 21:44:00,24.29723710477356
2025-06-29 21:45:00,24.236829809412445
2025-06-29 21:46:00,24.30057103627305
2025-06-29 21:47:00,24.27900229546737
2025-06-29 21:48:00,24.284550866618
2025-06-29 21:49:00,24.32022445249281
2025-06-29 21:50:00,24.34032699183032
2025-06-29 21:51:00,24.270062357701082
2025-06-29 21:52:00,24.274636983626223
2025-06-29 21:53:00,24.330547143449525
2025-06-29 21:54:00,24.303538480850456
2025-06-29 21:55:00,24.267917390217693
2025-06-29 21:56:00,24.253975866252002
2025-06-29 21:57:00,24.200567345127396
2025-06-29 21:58:00,24.138174804297375
2025-06-29 21:59:00,24.224292340581194
2025-06-29 22:00:00,24.174618317117755
2025-06-29 22:01:00,24.185693819628227
2025-06-29 22:02:00,24.172217929305514
2025-06-29 22:03:00,24.21044587346649
2025-06-29 22:04:00,24.179576926426456
2025-06-29 22:05:00,24.09885330686135
2025-06-29 22:06:00,24.22719974099763
2025-06-29 22:07:00,24.209736529796434
2025-06-29 22:08:00,24.1856376335076
2025-06-29 22:09:00,24.221647393286016
2025-06-29 22:10:00,24.168939139469067
2025-06-29 22:11:00,24.23031720472237
2025-06-29 22:12:00,24.194920408299172
2025-06-29 22:13:00,24.16399383065286
2025-06-29 22:14:00,24.214011125461337
2025-06-29 22:15:00,24.1739213862865
2025-06-29 22:16:00,24.22934984045299
2025-06-29 22:17:00,24.19483914638892
2025-06-29 22:18:00,24.19300072096176
2025-06-29 22:19:00,24.254409639944036
2025-06-29 22:20:00,24.24449700758374
2025-06-29 22:21:00,24.182677258556843
2025-06-29 22:22:00,24.226898363891756
2025-06-29 22:23:00,24.23492944285801
2025-06-29 22:24:00,24.22882704278832
2025-06-29 22:25:00,24.162558413494864
2025-06-29 22:26:00,24.181317568401408
2025-06-29 22:27:00,24.25264570836413
2025-06-29 22:28:00,24.268653551630234
2025-06-29 22:29:00,24.229674516898886
2025-06-29 22:30:00,24.15751355881061
2025-06-29 22:31:00,24.13457785722873
2025-06-29 22:32:00,24.182836695921107
2025-06-29 22:33:00,24.198977281346636
2025-06-29 22:34:00,24.26160452249546
2025-06-29 22:35:00,24.275638418591562
2025-06-29 22:36:00,24.27829640523584
2025-06-29 22:37:00,24.227764549905775
2025-06-29 22:38:00,24.187111274956642
2025-06-29 22:39:00,24.216339846492456
2025-06-29 22:40:00,24.167077387068563
2025-06-29 22:41:00,24.200754440979967
2025-06-29 22:42:00,24.19430133775348
2025-06-29 22:43:00,24.232875408639604
2025-06-29 22:44:00,24.219428323772394
2025-06-29 22:45:00,24.241583709899434
2025-06-29 22:46:00,24.161765280703822
2025-06-29 22:47:00,24.17576746473635
2025-06-29 22:48:00,24.145762331335973
2025-06-29 22:49:00,24.174389674899057
2025-06-29 22:50:00,24.239752829939107
2025-06-29 22:51:00,24.216958515798403
2025-06-29 22:52:00,24.146102015944894
2025-06-29 22:53:00,24.200867676585055
2025-06-29 22:54:00,24.184133671681625
2025-06-29 22:55:00,24.15185522410248
2025-06-29 22:56:00,24.154432763194624
2025-06-29 22:57:00,24.194246151220877
2025-06-29 22:58:00,24.15414500244213
2025-06-29 22:59:00,24.22638541548678
2025-06-29 23:00:00,24.243767734607662
2025-06-29 23:01:00,24.146516963725173
2025-06-29 23:02:00,24.15081186408754
2025-06-29 23:03:00,24.17009240133957
2025-06-29 23:04:00,24.13584091413417
2025-06-29 23:05:00,24.17155345550328
2025-06-29 23:06:00,24.196987517449823
2025-06-29 23:07:00,24.182646417631286
2025-06-29 23:08:00,24.08798043586334
2025-06-29 23:09:00,24.17569939391767
2025-06-29 23:10:00,24.159001546193856
2025-06-29 23:11:00,24.14876891861456
2025-06-29 23:12:00,24.14125661193401
2025-06-29 23:13:00,24.12307042685188
2025-06-29 23:14:00,24.157918895573115
2025-06-29 23:15:00,24.210234348032472
2025-06-29 23:16:00,24.178179053669474
2025-06-29 23:17:00,24.184428139423698
2025-06-29 23:18:00,24.172489135069235
2025-06-29 23:19:00,24.125073684986337
2025-06-29 23:20:00,24.125637956602095
2025-06-29 23:21:00,24.22944292987308
2025-06-29 23:22:00,24.17355016867231
2025-06-29 23:23:00,24.203737217412066
2025-06-29 23:24:00,24.19595588120296
2025-06-29 23:25:00,24.140394403478354
2025-06-29 23:26:00,24.138267207172316
2025-06-29 23:27:00,24.175950981389462
2025-06-29 23:28:00,24.19709230651188
2025-06-29 23:29:00,24.18781073430358
2025-06-29 23:30:00,24.17319357877956
2025-06-29 23:31:00,24.18033178916357
2025-06-29 23:32:00,24.198244262652324
2025-06-29 23:33:00,24.12785854809356
2025-06-29 23:34:00,24.174677348406398
2025-06-29 23:35:00,24.169171026913393
2025-06-29 23:36:00,24.147061135949844
2025-06-29 23:37:00,24.13081241002886
2025-06-29 23:38:00,24.148229512394682
2025-06-29 23:39:00,24.12351840990822
2025-06-29 23:40:00,24.190853346481124
2025-06-29 23:41:00,24.147925960431174
2025-06-29 23:42:00,24.196190365810107
2025-06-29 23:43:00,24.1232973315918
2025-06-29 23:44:00,24.12811151352097
2025-06-29 23:45:00,24.15849814089049
2025-06-29 23:46:00,24.12841252904576
2025-06-29 23:47:00,24.138237730252857
2025-06-29 23:48:00,24.188878781960252
2025-06-29 23:49:00,24.205443696546794
2025-06-29 23:50:00,24.2134754463059
2025-06-29 23:51:00,24.15093316811114
2025-06-29 23:52:00,24.208896068460277
2025-06-29 23:53:00,24.120816537913257
2025-06-29 23:54:00,24.190572419898203
2025-06-29 23:55:00,24.149185144193538
2025-06-29 23:56:00,24.136148032728446
2025-06-29 23:57:00,24.134533504268337
2025-06-29 23:58:00,24.17005899677597
2025-06-29 23:59:00,24.114875647633557
2025-06-30 00:00:00,24.136696302450428
2025-06-30 00:01:00,24.117689380329246
2025-06-30 00:02:00,24.153832500564555
2025-06-30 00:03:00,24.22083569629111
2025-06-30 00:04:00,24.194782934933173
2025-06-30 00:05:00,24.138470768256305
2025-06-30 00:06:00,24.177982517158593
2025-06-30 00:07:00,24.12135763745401
2025-06-30 00:08:00,24.11505488504373
2025-06-30 00:09:00,24.26219309926345
2025-06-30 00:10:00,24.17910797590344
2025-06-30 00:11:00,24.25289489310023
2025-06-30 00:12:00,24.18217826890975
2025-06-30 00:13:00,24.160129378172442
2025-06-30 00:14:00,24.194038143738407
2025-06-30 00:15:00,24.220484853881434
2025-06-30 00:16:00,24.100907218857337
2025-06-30 00:17:00,24.117066579871604
2025-06-30 00:18:00,24.15520642568772
2025-06-30 00:19:00,24.182148583725635
2025-06-30 00:20:00,24.18260278319541
2025-06-30 00:21:00,24.090119699288778
2025-06-30 00:22:00,24.183366688389462
2025-06-30 00:23:00,24.190599814380374
2025-06-30 00:24:00,24.186249630389078
2025-06-30 00:25:00,24.095501280935377
2025-06-30 00:26:00,24.1684764564987
2025-06-30 00:27:00,24.11241648159844
2025-06-30 00:28:00,24.226493698741116
2025-06-30 00:29:00,24.188011336980974
2025-06-30 00:30:00,24.21655831744605
2025-06-30 00:31:00,24.169037923130915
2025-06-30 00:32:00,24.20114041237392
2025-06-30 00:33:00,24.209659564214142
2025-06-30 00:34:00,24.16252171365324
2025-06-30 00:35:00,24.166639950922228
2025-06-30 00:36:00,24.135908672485268
2025-06-30 00:37:00,24.123182989501778
2025-06-30 00:38:00,24.18734692655524
2025-06-30 00:39:00,24.17994679545757
2025-06-30 00:40:00,24.179295026939297
2025-06-30 00:41:00,24.187123160300455
2025-06-30 00:42:00,24.165343176110113
2025-06-30 00:43:00,24.1634273798168
2025-06-30 00:44:00,24.178096375100406
2025-06-30 00:45:00,24.17784921461164
2025-06-30 00:46:00,24.14868441156059
2025-06-30 00:47:00,24.151892167738286
2025-06-30 00:48:00,24.090508304641617
2025-06-30 00:49:00,24.155201689499293
2025-06-30 00:50:00,24.121391931807278
2025-06-30 00:51:00,24.164281947879033
2025-06-30 00:52:00,24.139681211468933
2025-06-30 00:53:00,24.18959458103179
2025-06-30 00:54:00,24.16214143972939
2025-06-30 00:55:00,24.131933374694892
2025-06-30 00:56:00,24.166914749356238
2025-06-30 00:57:00,24.270724244882082
2025-06-30 00:58:00,24.148426138460405
2025-06-30 00:59:00,24.175894068412376
2025-06-30 01:00:00,24.13530165104581
2025-06-30 01:01:00,24.148173593150105
2025-06-30 01:02:00,24.107234202072956
2025-06-30 01:03:00,24.11901139518085
2025-06-30 01:04:00,24.155937030249973
2025-06-30 01:05:00,24.15777669901744
2025-06-30 01:06:00,24.10297176936048
2025-06-30 01:07:00,24.140774182333693
2025-06-30 01:08:00,24.14395379183787
2025-06-30 01:09:00,24.135897946363922
2025-06-30 01:10:00,24.202394832600035
2025-06-30 01:11:00,24.159658019481547
2025-06-30 01:12:00,24.219528068503564
2025-06-30 01:13:00,24.217906443263374
2025-06-30 01:14:00,24.141457846502806
2025-06-30 01:15:00,24.094387402206152
2025-06-30 01:16:00,24.137533689730592
2025-06-30 01:17:00,24.126264284544494
2025-06-30 01:18:00,24.124699380500157
2025-06-30 01:19:00,24.18638621651731
2025-06-30 01:20:00,24.188220050721917
2025-06-30 01:21:00,24.08683592683669
2025-06-30 01:22:00,24.10587673338619
2025-06-30 01:23:00,24.12423088255046
2025-06-30 01:24:00,24.15788297886599
2025-06-30 01:25:00,24.14393950543033
2025-06-30 01:26:00,24.16479362444644
2025-06-30 01:27:00,24.17549581004466
2025-06-30 01:28:00,24.09728226995402
2025-06-30 01:29:00,24.147530618174
2025-06-30 01:30:00,24.145612843441523
2025-06-30 01:31:00,24.14639685901568
2025-06-30 01:32:00,24.161786408130205
2025-06-30 01:33:00,24.117320383597093
2025-06-30 01:34:00,24.15479741187482
2025-06-30 01:35:00,24.12744452384026
2025-06-30 01:36:00,24.22776578923566
2025-06-30 01:37:00,24.20500721990611
2025-06-30 01:38:00,24.14532167832889
2025-06-30 01:39:00,24.14042757294687
2025-06-30 01:40:00,24.18820173373588
2025-06-30 01:41:00,24.175749867258283
2025-06-30 01:42:00,24.090249371538967
2025-06-30 01:43:00,24.09642684200027
2025-06-30 01:44:00,24.176983613484904
2025-06-30 01:45:00,24.15892774449228
2025-06-30 01:46:00,24.125149667872947
2025-06-30 01:47:00,24.160881479036114
2025-06-30 01:48:00,24.12971075425344
2025-06-30 01:49:00,24.166841207480328
2025-06-30 01:50:00,24.149828364900817
2025-06-30 01:51:00,24.15088084762979
2025-06-30 01:52:00,24.141577325335724
2025-06-30 01:53:00,24.11433118012387
2025-06-30 01:54:00,24.16017752228107
2025-06-30 01:55:00,24.12997364878764
2025-06-30 01:56:00,24.12601774750889
2025-06-30 01:57:00,24.128751291322267
2025-06-30 01:58:00,24.121036910597034
2025-06-30 01:59:00,24.136755323527222
2025-06-30 02:00:00,24.1518786084713
2025-06-30 02:01:00,24.14991836728162
2025-06-30 02:02:00,24.141191043727016
2025-06-30 02:03:00,24.102961991934293
2025-06-30 02:04:00,24.15348518195999
2025-06-30 02:05:00,24.163116662487194
2025-06-30 02:06:00,24.132005688843204
2025-06-30 02:07:00,24.109109116917185
2025-06-30 02:08:00,24.134091981328883
2025-06-30 02:09:00,24.116433161579423
2025-06-30 02:10:00,24.135727510282475
2025-06-30 02:11:00,24.10528360872809
2025-06-30 02:12:00,24.137369374136075
2025-06-30 02:13:00,24.124214743968952
2025-06-30 02:14:00,24.071946501933528
2025-06-30 02:15:00,24.073765379727273
2025-06-30 02:16:00,24.08515520714403
2025-06-30 02:17:00,24.08830678213349
2025-06-30 02:18:00,24.12929866652435
2025-06-30 02:19:00,24.1515664933626
2025-06-30 02:20:00,24.15062593806295
2025-06-30 02:21:00,24.147054382854495
2025-06-30 02:22:00,24.110877105737416
2025-06-30 02:23:00,24.0992935835996
2025-06-30 02:24:00,24.102892638849195
2025-06-30 02:25:00,24.140456274962492
2025-06-30 02:26:00,24.137925715013328
2025-06-30 02:27:00,24.100603313676807
2025-06-30 02:28:00,24.112462836104847
2025-06-30 02:29:00,24.168012107214864
2025-06-30 02:30:00,24.090771615544316
2025-06-30 02:31:00,24.12080942238168
2025-06-30 02:32:00,24.144739346122506
2025-06-30 02:33:00,24.107605259931795
2025-06-30 02:34:00,24.09675913997548
2025-06-30 02:35:00,24.093328439345335
2025-06-30 02:36:00,24.0841739638121
2025-06-30 02:37:00,24.127088744388285
2025-06-30 02:38:00,24.109933193650342
2025-06-30 02:39:00,24.109524656707094
2025-06-30 02:40:00,24.112395840193585
2025-06-30 02:41:00,24.14002530491483
2025-06-30 02:42:00,24.129744138569016
2025-06-30 02:43:00,24.13132966233728
2025-06-30 02:44:00,24.052054679248172
2025-06-30 02:45:00,24.076467297128875
2025-06-30 02:46:00,24.116671841780093
2025-06-30 02:47:00,24.12367539998275
2025-06-30 02:48:00,24.093017282706228
2025-06-30 02:49:00,24.075683769342092
2025-06-30 02:50:00,24.067809860981924
2025-06-30 02:51:00,24.11946031044952
2025-06-30 02:52:00,24.113175833231207
2025-06-30 02:53:00,24.086083660237477
2025-06-30 02:54:00,24.093893260652628
2025-06-30 02:55:00,24.141831530385154
2025-06-30 02:56:00,24.142164621864072
2025-06-30 02:57:00,24.089178198414107
2025-06-30 02:58:00,24.115946048609537
2025-06-30 02:59:00,24.11989765970051
2025-06-30 03:00:00,24.13156396537444
2025-06-30 03:01:00,24.118189145328323
2025-06-30 03:02:00,24.130412357352352
2025-06-30 03:03:00,24.076866968753354
2025-06-30 03:04:00,24.145493598846745
2025-06-30 03:05:00,24.109162023614896
2025-06-30 03:06:00,24.11899712492465
2025-06-30 03:07:00,24.099146484935797
2025-06-30 03:08:00,24.148297530125703
2025-06-30 03:09:00,24.086554814573848
2025-06-30 03:10:00,24.133020931042935
2025-06-30 03:11:00,24.048108056392973
2025-06-30 03:12:00,24.093789936519943
2025-06-30 03:13:00,24.082356879652615
2025-06-30 03:14:00,24.128762792284135
2025-06-30 03:15:00,24.1100440754623
2025-06-30 03:16:00,24.09962105346507
2025-06-30 03:17:00,24.11601169877208
2025-06-30 03:18:00,24.08479346742589
2025-06-30 03:19:00,24.12190555450131
2025-06-30 03:20:00,24.11533215291407
2025-06-30 03:21:00,24.112769934784456
2025-06-30 03:22:00,24.097407466739437
2025-06-30 03:23:00,24.10029509542129
2025-06-30 03:24:00,24.095902778039964
2025-06-30 03:25:00,24.12018154147108
2025-06-30 03:26:00,24.111872468594022
2025-06-30 03:27:00,24.131497243642894
2025-06-30 03:28:00,24.07653318825919
2025-06-30 03:29:00,24.092431227346893
2025-06-30 03:30:00,24.103411853430586
2025-06-30 03:31:00,24.14608530550221
2025-06-30 03:32:00,24.087345130844763
2025-06-30 03:33:00,24.093512131687184
2025-06-30 03:34:00,24.09944028448744
2025-06-30 03:35:00,24.08892289066031
2025-06-30 03:36:00,24.094141170508404
2025-06-30 03:37:00,24.107836660936687
2025-06-30 03:38:00,24.118009870255698
2025-06-30 03:39:00,24.181437761555163
2025-06-30 03:40:00,24.10261791660026
2025-06-30 03:41:00,24.12144033310303
2025-06-30 03:42:00,24.137618863283496
2025-06-30 03:43:00,24.08894622365879
2025-06-30 03:44:00,24.087359694735074
2025-06-30 03:45:00,24.101833117491953
2025-06-30 03:46:00,24.149623620553182
2025-06-30 03:47:00,24.09703466699551
2025-06-30 03:48:00,24.08164730683482
2025-06-30 03:49:00,24.115749043068938
2025-06-30 03:50:00,24.13207711455541
2025-06-30 03:51:00,24.108692847897196
2025-06-30 03:52:00,24.121467399607003
2025-06-30 03:53:00,24.152731719875494
2025-06-30 03:54:00,24.11847158051386
2025-06-30 03:55:00,24.166621409675265
2025-06-30 03:56:00,24.180106558908673
2025-06-30 03:57:00,24.113082978867297
2025-06-30 03:58:00,24.12455792308339
2025-06-30 03:59:00,24.189075065886378
2025-06-30 04:00:00,24.08820861648423
2025-06-30 04:01:00,24.091596198265577
2025-06-30 04:02:00,24.070021917227447
2025-06-30 04:03:00,24.099764603889987
2025-06-30 04:04:00,24.093044019654965
2025-06-30 04:05:00,24.09124086076581
2025-06-30 04:06:00,24.09724423435146
2025-06-30 04:07:00,24.139931740894
2025-06-30 04:08:00,24.154642085193565
2025-06-30 04:09:00,24.120001346987987
2025-06-30 04:10:00,24.149939037992272
2025-06-30 04:11:00,24.12942372079062
2025-06-30 04:12:00,24.172355907797364
2025-06-30 04:13:00,24.13363413812383
2025-06-30 04:14:00,24.151045378826165
2025-06-30 04:15:00,24.1309878164679
2025-06-30 04:16:00,24.121590748468012
2025-06-30 04:17:00,24.144687278280205
2025-06-30 04:18:00,24.075378776136354
2025-06-30 04:19:00,24.135911013452226
2025-06-30 04:20:00,24.134062410196126
2025-06-30 04:21:00,24.079352043904617
2025-06-30 04:22:00,24.114428359420526
2025-06-30 04:23:00,24.097023236572333
2025-06-30 04:24:00,24.120288328016887
2025-06-30 04:25:00,24.115646109748006
2025-06-30 04:26:00,24.139557473349342
2025-06-30 04:27:00,24.108244841078715
2025-06-30 04:28:00,24.212636204359864
2025-06-30 04:29:00,24.135610858143373
2025-06-30 04:30:00,24.05329882506189
2025-06-30 04:31:00,24.103017074992472
2025-06-30 04:32:00,24.040071077728477
2025-06-30 04:33:00,24.08969318788637
2025-06-30 04:34:00,24.095289617126394
2025-06-30 04:35:00,24.107160516417448
2025-06-30 04:36:00,24.170043229486303
2025-06-30 04:37:00,24.10676840564889
2025-06-30 04:38:00,24.076343056109774
2025-06-30 04:39:00,24.134893347887296
2025-06-30 04:40:00,24.07360373333106
2025-06-30 04:41:00,24.125048415968703
2025-06-30 04:42:00,24.153716194037354
2025-06-30 04:43:00,24.149242913734916
2025-06-30 04:44:00,24.105035011638513
2025-06-30 04:45:00,24.11477810940229
2025-06-30 04:46:00,24.107419332235654
2025-06-30 04:47:00,24.130597643029642
2025-06-30 04:48:00,24.15223046089694
2025-06-30 04:49:00,24.151926727462726
2025-06-30 04:50:00,24.15088442581633
2025-06-30 04:51:00,24.090154306975627
2025-06-30 04:52:00,24.126961863954172
2025-06-30 04:53:00,24.140021364498857
2025-06-30 04:54:00,24.164519577520032
2025-06-30 04:55:00,24.1207000229014
2025-06-30 04:56:00,24.14836432712939
2025-06-30 04:57:00,24.111911524698446
2025-06-30 04:58:00,24.11073057272865
2025-06-30 04:59:00,24.19513641008292
2025-06-30 05:00:00,24.062245063252963
2025-06-30 05:01:00,24.11914336426982
2025-06-30 05:02:00,24.077833571845314
2025-06-30 05:03:00,24.091693712867183
2025-06-30 05:04:00,24.14048235698771
2025-06-30 05:05:00,24.12715004837226
2025-06-30 05:06:00,24.132890271880164
2025-06-30 05:07:00,24.061026337613928
2025-06-30 05:08:00,24.115590083559862
2025-06-30 05:09:00,24.125264250829414
2025-06-30 05:10:00,24.108308295061473
2025-06-30 05:11:00,24.22405578821936
2025-06-30 05:12:00,24.110131967231375
2025-06-30 05:13:00,24.086659262005956
2025-06-30 05:14:00,24.078800276921545
2025-06-30 05:15:00,24.06240107175499
2025-06-30 05:16:00,24.120719995377623
2025-06-30 05:17:00,24.130029166050708
2025-06-30 05:18:00,24.168932924656012
2025-06-30 05:19:00,24.087005187606117
2025-06-30 05:20:00,24.070084574927918
2025-06-30 05:21:00,24.0518014134454
2025-06-30 05:22:00,24.107646403184344
2025-06-30 05:23:00,24.19891491159548
2025-06-30 05:24:00,24.139367605056023
2025-06-30 05:25:00,24.155519113060482
2025-06-30 05:26:00,24.13075412634154
2025-06-30 05:27:00,24.133231446405595
2025-06-30 05:28:00,24.088359183255605
2025-06-30 05:29:00,24.083294939381663
2025-06-30 05:30:00,24.085963450024508
2025-06-30 05:31:00,24.12004523676511
2025-06-30 05:32:00,24.086150549712816
2025-06-30 05:33:00,24.10580739225368
2025-06-30 05:34:00,24.096710921710454
2025-06-30 05:35:00,24.12481976980356
2025-06-30 05:36:00,24.074551275299154
2025-06-30 05:37:00,24.104795994281137
2025-06-30 05:38:00,24.16761342747497
2025-06-30 05:39:00,24.159434923714514
2025-06-30 05:40:00,24.090421006787132
2025-06-30 05:41:00,24.070106177905227
2025-06-30 05:42:00,24.117129445153857
2025-06-30 05:43:00,24.11670040812422
2025-06-30 05:44:00,24.131891686683026
2025-06-30 05:45:00,24.07974795187607
2025-06-30 05:46:00,24.093467693136517
2025-06-30 05:47:00,24.09978683341958
2025-06-30 05:48:00,24.092542412058336
2025-06-30 05:49:00,24.118282354663602
2025-06-30 05:50:00,24.104896051646158
2025-06-30 05:51:00,24.202760883229356
2025-06-30 05:52:00,24.140758703539646
2025-06-30 05:53:00,24.10129246595179
2025-06-30 05:54:00,24.13851970908735
2025-06-30 05:55:00,24.095136897295795
2025-06-30 05:56:00,24.086039680380008
2025-06-30 05:57:00,24.092696565512174
2025-06-30 05:58:00,24.142010823298072
2025-06-30 05:59:00,24.121689082606856
2025-06-30 06:00:00,24.11170116807379
2025-06-30 06:01:00,24.133901407586556
2025-06-30 06:02:00,24.092032290538295
2025-06-30 06:03:00,24.09992060370366
2025-06-30 06:04:00,24.120219158317244
2025-06-30 06:05:00,24.11244487581343
2025-06-30 06:06:00,24.10941272312852
2025-06-30 06:07:00,24.09814475350866
2025-06-30 06:08:00,24.13380851983978
2025-06-30 06:09:00,24.07168622716157
2025-06-30 06:10:00,24.124478565265935
2025-06-30 06:11:00,24.06265456528015
2025-06-30 06:12:00,24.150217464592256
2025-06-30 06:13:00,24.10037509126339
2025-06-30 06:14:00,24.12568955436541
2025-06-30 06:15:00,24.094323709715415
2025-06-30 06:16:00,24.08094500970652
2025-06-30 06:17:00,24.082658559344033
2025-06-30 06:18:00,24.13448716186671
2025-06-30 06:19:00,24.07628188249764
2025-06-30 06:20:00,24.14927519773077
2025-06-30 06:21:00,24.07987451789337
2025-06-30 06:22:00,24.117685630727294
2025-06-30 06:23:00,24.118567951138814
2025-06-30 06:24:00,24.13841232976088
2025-06-30 06:25:00,24.160144353167023
2025-06-30 06:26:00,24.11865920086085
2025-06-30 06:27:00,24.091740888627708
2025-06-30 06:28:00,24.150411619362647
2025-06-30 06:29:00,24.15084409946997
2025-06-30 06:30:00,24.12142634680443
2025-06-30 06:31:00,24.08940947090441
2025-06-30 06:32:00,24.121712368048147
2025-06-30 06:33:00,24.18309366287261
2025-06-30 06:34:00,24.13144436975941
2025-06-30 06:35:00,24.056078570301867
2025-06-30 06:36:00,24.122194178257534
2025-06-30 06:37:00,24.07879061054992
2025-06-30 06:38:00,24.087089160300362
2025-06-30 06:39:00,24.15662887681312
2025-06-30 06:40:00,24.180550392899548
2025-06-30 06:41:00,24.066293037372763
2025-06-30 06:42:00,24.124793668814576
2025-06-30 06:43:00,24.095945442094912
2025-06-30 06:44:00,24.174668752414735
2025-06-30 06:45:00,24.12904737406286
2025-06-30 06:46:00,24.11560376643382
2025-06-30 06:47:00,24.122924364883218
2025-06-30 06:48:00,24.191953118822042
2025-06-30 06:49:00,24.161585031152622
2025-06-30 06:50:00,24.11606040661462
2025-06-30 06:51:00,24.060540501272044
2025-06-30 06:52:00,24.129897879861392
2025-06-30 06:53:00,24.090229791550655
2025-06-30 06:54:00,24.121718289755936
2025-06-30 06:55:00,24.06400511744068
2025-06-30 06:56:00,24.08629258680688
2025-06-30 06:57:00,24.099571582215713
2025-06-30 06:58:00,24.1416713533178
2025-06-30 06:59:00,24.16576767502735
2025-06-30 07:00:00,24.07903388184585
2025-06-30 07:01:00,24.169004449796912
2025-06-30 07:02:00,24.153467460000115
2025-06-30 07:03:00,24.171068202027303
2025-06-30 07:04:00,24.08892916010365
2025-06-30 07:05:00,24.023600367632792
2025-06-30 07:06:00,24.123114824603224
2025-06-30 07:07:00,24.09773626765765
2025-06-30 07:08:00,24.09141742352101
2025-06-30 07:09:00,24.08747386855836
2025-06-30 07:10:00,24.06152070366509
2025-06-30 07:11:00,24.10090648511689
2025-06-30 07:12:00,24.102864713613734
2025-06-30 07:13:00,24.108757562245856
2025-06-30 07:14:00,24.093148799852635
2025-06-30 07:15:00,24.118488369759902
2025-06-30 07:16:00,24.102202277888107
2025-06-30 07:17:00,24.096755942066206
2025-06-30 07:18:00,24.092626858609098
2025-06-30 07:19:00,24.109935727587846
2025-06-30 07:20:00,24.119667236060664
2025-06-30 07:21:00,24.1338823740656
2025-06-30 07:22:00,24.078717542469246
2025-06-30 07:23:00,24.080095768880724
2025-06-30 07:24:00,24.152663270831745
2025-06-30 07:25:00,24.073104255291597
2025-06-30 07:26:00,24.120107102599572
2025-06-30 07:27:00,24.092002780975292
2025-06-30 07:28:00,24.12762850867463
2025-06-30 07:29:00,24.0483829444817
2025-06-30 07:30:00,24.116581231350402
2025-06-30 07:31:00,24.076723379076366
2025-06-30 07:32:00,24.078837216011856
2025-06-30 07:33:00,24.06935231896722
2025-06-30 07:34:00,24.15733134138196
2025-06-30 07:35:00,24.11478325821171
2025-06-30 07:36:00,24.085301779032836
2025-06-30 07:37:00,24.10203585155308
2025-06-30 07:38:00,24.083557645814526
2025-06-30 07:39:00,24.066381732997176
2025-06-30 07:40:00,24.122463658778155
2025-06-30 07:41:00,24.140668919660477
2025-06-30 07:42:00,24.131930591966224
2025-06-30 07:43:00,24.102004291162523
2025-06-30 07:44:00,24.11536425522614
2025-06-30 07:45:00,24.14107202130048
2025-06-30 07:46:00,24.089626561967986
2025-06-30 07:47:00,24.12604051657253
2025-06-30 07:48:00,24.144398658388923
2025-06-30 07:49:00,24.080907889937762
2025-06-30 07:50:00,24.054043063807743
2025-06-30 07:51:00,24.071669860045343
2025-06-30 07:52:00,24.100614090926182
2025-06-30 07:53:00,24.125736344284714
2025-06-30 07:54:00,24.15392658477183
2025-06-30 07:55:00,24.06949713329668
2025-06-30 07:56:00,24.054319418507255
2025-06-30 07:57:00,24.090558386614088
2025-06-30 07:58:00,24.120881898314998
2025-06-30 07:59:00,24.094807653811934
2025-06-30 08:00:00,24.084303377682456
2025-06-30 08:01:00,24.080070586376692
2025-06-30 08:02:00,24.0554293157216
2025-06-30 08:03:00,24.05992033911644
2025-06-30 08:04:00,24.0640089192684
2025-06-30 08:05:00,24.15980984245612
2025-06-30 08:06:00,24.08651485397401
2025-06-30 08:07:00,24.084564903772506
2025-06-30 08:08:00,24.057570704740897
2025-06-30 08:09:00,24.071313797215762
2025-06-30 08:10:00,24.097517540842997
2025-06-30 08:11:00,24.096401130372712
2025-06-30 08:12:00,24.134475128886198
2025-06-30 08:13:00,24.14968201544838
2025-06-30 08:14:00,24.120358358199052
2025-06-30 08:15:00,24.176953191850842
2025-06-30 08:16:00,24.120071409958054
2025-06-30 08:17:00,24.08923176297461
2025-06-30 08:18:00,24.06166438099196
2025-06-30 08:19:00,24.069597916943554
2025-06-30 08:20:00,24.042814526895345
2025-06-30 08:21:00,24.06397288149375
2025-06-30 08:22:00,24.13251512746266
2025-06-30 08:23:00,24.092033319319214
2025-06-30 08:24:00,24.08705048064299
2025-06-30 08:25:00,24.096812486011164
2025-06-30 08:26:00,24.066717798359942
2025-06-30 08:27:00,24.10461737709825
2025-06-30 08:28:00,24.123699680965146
2025-06-30 08:29:00,24.10649686141799
2025-06-30 08:30:00,24.086368435077414
2025-06-30 08:31:00,24.11382874703878
2025-06-30 08:32:00,24.080691450554294
2025-06-30 08:33:00,24.09823321881344
2025-06-30 08:34:00,24.09274162266113
2025-06-30 08:35:00,24.127703850289915
2025-06-30 08:36:00,24.10470362532284
2025-06-30 08:37:00,24.116396579432042
2025-06-30 08:38:00,24.09734568605023
2025-06-30 08:39:00,24.110439451316108
2025-06-30 08:40:00,24.07872850306293
2025-06-30 08:41:00,24.098657261313985
2025-06-30 08:42:00,24.16432677130131
2025-06-30 08:43:00,24.145768867462593
2025-06-30 08:44:00,24.09951470982123
2025-06-30 08:45:00,24.103494821076882
2025-06-30 08:46:00,24.112468630700658
2025-06-30 08:47:00,24.06186963654181
2025-06-30 08:48:00,24.107041383741553
2025-06-30 08:49:00,24.143023240989677
2025-06-30 08:50:00,24.172796014847464
2025-06-30 08:51:00,24.648533527470914
2025-06-30 08:52:00,24.955687165776986
2025-06-30 08:53:00,24.999760397303728
2025-06-30 08:54:00,24.1093104171821
2025-06-30 08:55:00,23.824023917225915
2025-06-30 08:56:00,23.55001273471129
2025-06-30 08:57:00,23.236332411457443
2025-06-30 08:58:00,23.375228480170392
2025-06-30 08:59:00,23.456778982738886
2025-06-30 09:00:00,23.47769496011675
2025-06-30 09:01:00,23.454445378575826
2025-06-30 09:02:00,23.57930045722638
2025-06-30 09:03:00,23.616951128751353
2025-06-30 09:04:00,23.649409416595592
2025-06-30 09:05:00,23.62190632927262
2025-06-30 09:06:00,23.709478518258802
2025-06-30 09:07:00,23.58911522327249
2025-06-30 09:08:00,23.513206637063988
2025-06-30 09:09:00,23.598789128320465
2025-06-30 09:10:00,23.582820754997087
2025-06-30 09:11:00,23.574423660155237
2025-06-30 09:12:00,23.6253644188223
2025-06-30 09:13:00,23.73695154846672
2025-06-30 09:14:00,23.838357374458997
2025-06-30 09:15:00,23.78082186403063
2025-06-30 09:16:00,23.70513327516793
2025-06-30 09:17:00,23.79883966602854
2025-06-30 09:18:00,23.8095401951522
2025-06-30 09:19:00,23.82287250994671
2025-06-30 09:20:00,23.81578230406479
2025-06-30 09:21:00,23.775358097872232
2025-06-30 09:22:00,24.7741207250251
2025-06-30 09:23:00,23.944279277957587
2025-06-30 09:24:00,24.33217009851258
2025-06-30 09:25:00,26.035038890932825
2025-06-30 09:26:00,25.58221483612136
2025-06-30 09:27:00,25.49109229886407
2025-06-30 09:28:00,25.353050976678055
2025-06-30 09:29:00,25.04445390528474
2025-06-30 09:30:00,24.83046552859946
2025-06-30 09:31:00,24.68962179510826
2025-06-30 09:32:00,24.590599384630025
2025-06-30 09:33:00,24.768500666602215
2025-06-30 09:34:00,26.8155115577865
2025-06-30 09:35:00,26.0666369334478
2025-06-30 09:36:00,24.52007671668921
2025-06-30 09:37:00,25.373781727112576
2025-06-30 09:38:00,25.42918059182905
2025-06-30 09:39:00,25.565938967594125
2025-06-30 09:40:00,25.113293141476454
2025-06-30 09:41:00,24.2281858201203
2025-06-30 09:42:00,24.02725378701641
2025-06-30 09:43:00,23.89726283770467
2025-06-30 09:44:00,23.88752212994647
2025-06-30 09:45:00,22.162717550542872
2025-06-30 09:46:00,22.351983986672547
2025-06-30 09:47:00,22.54820011639575
2025-06-30 09:48:00,23.512405825764958
2025-06-30 09:49:00,24.678205382728574
2025-06-30 09:50:00,24.37542396263736
2025-06-30 09:51:00,23.22289011693772
